assertion failed: Requested index exceeds time dimension
1
--------------------------------------------------------------------------
Primary job  terminated normally, but 1 process returned
a non-zero exit code. Per user-direction, the job has been aborted.
--------------------------------------------------------------------------
forrtl: error (78): process killed (SIGTERM)
Image              PC                Routine            Line        Source             
fms_ACCESS-OM_730  0000000001D184C4  Unknown               Unknown  Unknown
libpthread-2.28.s  000014A210B00990  Unknown               Unknown  Unknown
libuct_ib.so.0.0.  000014A1F092C667  Unknown               Unknown  Unknown
libucp.so.0.0.0    000014A1FCAE9E9A  ucp_worker_progre     Unknown  Unknown
mca_pml_ucx.so     000014A1FCF91397  mca_pml_ucx_progr     Unknown  Unknown
libopen-pal.so.40  000014A20BDF772B  opal_progress         Unknown  Unknown
libmpi.so.40.20.2  000014A2110DF2D5  ompi_request_defa     Unknown  Unknown
libmpi.so.40.20.2  000014A21112213F  PMPI_Waitall          Unknown  Unknown
libmpi_mpifh.so    000014A2114177ED  Unknown               Unknown  Unknown
fms_ACCESS-OM_730  0000000001BB4320  Unknown               Unknown  Unknown
fms_ACCESS-OM_730  0000000001BB32D9  Unknown               Unknown  Unknown
fms_ACCESS-OM_730  0000000001AC12B3  mod_oasis_advance        1130  mod_oasis_advance.F90
fms_ACCESS-OM_730  00000000019C2A58  mod_oasis_getput_         766  mod_oasis_getput_interface.F90
fms_ACCESS-OM_730  0000000000411D4C  mom_oasis3_interf         701  mom_oasis3_interface.F90
fms_ACCESS-OM_730  0000000000421943  MAIN__                    645  ocean_solo.F90
fms_ACCESS-OM_730  000000000040F822  Unknown               Unknown  Unknown
libc-2.28.so       000014A2107517E5  __libc_start_main     Unknown  Unknown
fms_ACCESS-OM_730  000000000040F72E  Unknown               Unknown  Unknown
forrtl: error (78): process killed (SIGTERM)
Image              PC                Routine            Line        Source             
fms_ACCESS-OM_730  0000000001D184C4  Unknown               Unknown  Unknown
libpthread-2.28.s  000014D02DADB990  Unknown               Unknown  Unknown
libucp.so.0.0.0    000014D019B16E90  ucp_worker_progre     Unknown  Unknown
mca_pml_ucx.so     000014D019FBE397  mca_pml_ucx_progr     Unknown  Unknown
libopen-pal.so.40  000014D028DD272B  opal_progress         Unknown  Unknown
libmpi.so.40.20.2  000014D02E0BA2D5  ompi_request_defa     Unknown  Unknown
libmpi.so.40.20.2  000014D02E0FD13F  PMPI_Waitall          Unknown  Unknown
libmpi_mpifh.so    000014D02E3F27ED  Unknown               Unknown  Unknown
fms_ACCESS-OM_730  0000000001BB4320  Unknown               Unknown  Unknown
fms_ACCESS-OM_730  0000000001BB32D9  Unknown               Unknown  Unknown
fms_ACCESS-OM_730  0000000001AC12B3  mod_oasis_advance        1130  mod_oasis_advance.F90
fms_ACCESS-OM_730  00000000019C2A58  mod_oasis_getput_         766  mod_oasis_getput_interface.F90
fms_ACCESS-OM_730  0000000000411D4C  mom_oasis3_interf         701  mom_oasis3_interface.F90
fms_ACCESS-OM_730  0000000000421943  MAIN__                    645  ocean_solo.F90
fms_ACCESS-OM_730  000000000040F822  Unknown               Unknown  Unknown
libc-2.28.so       000014D02D72C7E5  __libc_start_main     Unknown  Unknown
fms_ACCESS-OM_730  000000000040F72E  Unknown               Unknown  Unknown
forrtl: error (78): process killed (SIGTERM)
Image              PC                Routine            Line        Source             
fms_ACCESS-OM_730  0000000001D184C4  Unknown               Unknown  Unknown
libpthread-2.28.s  0000147BADC3E990  Unknown               Unknown  Unknown
libuct.so.0.0.0    0000147B999B121B  Unknown               Unknown  Unknown
libucp.so.0.0.0    0000147B99C1AE9A  ucp_worker_progre     Unknown  Unknown
mca_pml_ucx.so     0000147B9A0C2397  mca_pml_ucx_progr     Unknown  Unknown
libopen-pal.so.40  0000147BA8F3572B  opal_progress         Unknown  Unknown
libmpi.so.40.20.2  0000147BAE21D2D5  ompi_request_defa     Unknown  Unknown
libmpi.so.40.20.2  0000147BAE26013F  PMPI_Waitall          Unknown  Unknown
libmpi_mpifh.so    0000147BAE5557ED  Unknown               Unknown  Unknown
fms_ACCESS-OM_730  0000000001BB4320  Unknown               Unknown  Unknown
fms_ACCESS-OM_730  0000000001BB32D9  Unknown               Unknown  Unknown
fms_ACCESS-OM_730  0000000001AC12B3  mod_oasis_advance        1130  mod_oasis_advance.F90
fms_ACCESS-OM_730  00000000019C2A58  mod_oasis_getput_         766  mod_oasis_getput_interface.F90
fms_ACCESS-OM_730  0000000000411D4C  mom_oasis3_interf         701  mom_oasis3_interface.F90
fms_ACCESS-OM_730  0000000000421943  MAIN__                    645  ocean_solo.F90
fms_ACCESS-OM_730  000000000040F822  Unknown               Unknown  Unknown
libc-2.28.so       0000147BAD88F7E5  __libc_start_main     Unknown  Unknown
fms_ACCESS-OM_730  000000000040F72E  Unknown               Unknown  Unknown
forrtl: error (78): process killed (SIGTERM)
Image              PC                Routine            Line        Source             
fms_ACCESS-OM_730  0000000001D184C4  Unknown               Unknown  Unknown
libpthread-2.28.s  000014D0210D3990  Unknown               Unknown  Unknown
libopen-pal.so.40  000014D01C3CA700  opal_progress         Unknown  Unknown
libmpi.so.40.20.2  000014D0216B22D5  ompi_request_defa     Unknown  Unknown
libmpi.so.40.20.2  000014D0216F513F  PMPI_Waitall          Unknown  Unknown
libmpi_mpifh.so    000014D0219EA7ED  Unknown               Unknown  Unknown
fms_ACCESS-OM_730  0000000001BB4320  Unknown               Unknown  Unknown
fms_ACCESS-OM_730  0000000001BB32D9  Unknown               Unknown  Unknown
fms_ACCESS-OM_730  0000000001AC12B3  mod_oasis_advance        1130  mod_oasis_advance.F90
fms_ACCESS-OM_730  00000000019C2A58  mod_oasis_getput_         766  mod_oasis_getput_interface.F90
fms_ACCESS-OM_730  0000000000411D4C  mom_oasis3_interf         701  mom_oasis3_interface.F90
fms_ACCESS-OM_730  0000000000421943  MAIN__                    645  ocean_solo.F90
fms_ACCESS-OM_730  000000000040F822  Unknown               Unknown  Unknown
libc-2.28.so       000014D020D247E5  __libc_start_main     Unknown  Unknown
fms_ACCESS-OM_730  000000000040F72E  Unknown               Unknown  Unknown
forrtl: error (78): process killed (SIGTERM)
Image              PC                Routine            Line        Source             
fms_ACCESS-OM_730  0000000001D184C4  Unknown               Unknown  Unknown
libpthread-2.28.s  000014FE8E449990  Unknown               Unknown  Unknown
libuct.so.0.0.0    000014FE70492380  Unknown               Unknown  Unknown
libucp.so.0.0.0    000014FE706FBE9A  ucp_worker_progre     Unknown  Unknown
mca_pml_ucx.so     000014FE70BA3397  mca_pml_ucx_progr     Unknown  Unknown
libopen-pal.so.40  000014FE8974072B  opal_progress         Unknown  Unknown
libmpi.so.40.20.2  000014FE8EA282D5  ompi_request_defa     Unknown  Unknown
libmpi.so.40.20.2  000014FE8EA6B13F  PMPI_Waitall          Unknown  Unknown
libmpi_mpifh.so    000014FE8ED607ED  Unknown               Unknown  Unknown
fms_ACCESS-OM_730  0000000001BB4320  Unknown               Unknown  Unknown
fms_ACCESS-OM_730  0000000001BB32D9  Unknown               Unknown  Unknown
fms_ACCESS-OM_730  0000000001AC12B3  mod_oasis_advance        1130  mod_oasis_advance.F90
fms_ACCESS-OM_730  00000000019C2A58  mod_oasis_getput_         766  mod_oasis_getput_interface.F90
fms_ACCESS-OM_730  0000000000411D4C  mom_oasis3_interf         701  mom_oasis3_interface.F90
fms_ACCESS-OM_730  0000000000421943  MAIN__                    645  ocean_solo.F90
fms_ACCESS-OM_730  000000000040F822  Unknown               Unknown  Unknown
libc-2.28.so       000014FE8E09A7E5  __libc_start_main     Unknown  Unknown
fms_ACCESS-OM_730  000000000040F72E  Unknown               Unknown  Unknown
forrtl: error (78): process killed (SIGTERM)
Image              PC                Routine            Line        Source             
fms_ACCESS-OM_730  0000000001D184C4  Unknown               Unknown  Unknown
libpthread-2.28.s  000014E2BE104990  Unknown               Unknown  Unknown
libucp.so.0.0.0    000014E2A04ECE9F  ucp_worker_progre     Unknown  Unknown
mca_pml_ucx.so     000014E2A0994397  mca_pml_ucx_progr     Unknown  Unknown
libopen-pal.so.40  000014E2B93FB72B  opal_progress         Unknown  Unknown
libmpi.so.40.20.2  000014E2BE6E32D5  ompi_request_defa     Unknown  Unknown
libmpi.so.40.20.2  000014E2BE72613F  PMPI_Waitall          Unknown  Unknown
libmpi_mpifh.so    000014E2BEA1B7ED  Unknown               Unknown  Unknown
fms_ACCESS-OM_730  0000000001BB4320  Unknown               Unknown  Unknown
fms_ACCESS-OM_730  0000000001BB32D9  Unknown               Unknown  Unknown
fms_ACCESS-OM_730  0000000001AC12B3  mod_oasis_advance        1130  mod_oasis_advance.F90
fms_ACCESS-OM_730  00000000019C2A58  mod_oasis_getput_         766  mod_oasis_getput_interface.F90
fms_ACCESS-OM_730  0000000000411D4C  mom_oasis3_interf         701  mom_oasis3_interface.F90
fms_ACCESS-OM_730  0000000000421943  MAIN__                    645  ocean_solo.F90
fms_ACCESS-OM_730  000000000040F822  Unknown               Unknown  Unknown
libc-2.28.so       000014E2BDD557E5  __libc_start_main     Unknown  Unknown
fms_ACCESS-OM_730  000000000040F72E  Unknown               Unknown  Unknown
forrtl: error (78): process killed (SIGTERM)
Image              PC                Routine            Line        Source             
fms_ACCESS-OM_730  0000000001D184C4  Unknown               Unknown  Unknown
libpthread-2.28.s  00001537D87D7990  Unknown               Unknown  Unknown
libuct_ib.so.0.0.  00001537B858367A  Unknown               Unknown  Unknown
libucp.so.0.0.0    00001537C47EEE9A  ucp_worker_progre     Unknown  Unknown
mca_pml_ucx.so     00001537C4C96397  mca_pml_ucx_progr     Unknown  Unknown
libopen-pal.so.40  00001537D3ACE72B  opal_progress         Unknown  Unknown
libmpi.so.40.20.2  00001537D8DB62D5  ompi_request_defa     Unknown  Unknown
libmpi.so.40.20.2  00001537D8DF913F  PMPI_Waitall          Unknown  Unknown
libmpi_mpifh.so    00001537D90EE7ED  Unknown               Unknown  Unknown
fms_ACCESS-OM_730  0000000001BB4320  Unknown               Unknown  Unknown
fms_ACCESS-OM_730  0000000001BB32D9  Unknown               Unknown  Unknown
fms_ACCESS-OM_730  0000000001AC12B3  mod_oasis_advance        1130  mod_oasis_advance.F90
fms_ACCESS-OM_730  00000000019C2A58  mod_oasis_getput_         766  mod_oasis_getput_interface.F90
fms_ACCESS-OM_730  0000000000411D4C  mom_oasis3_interf         701  mom_oasis3_interface.F90
fms_ACCESS-OM_730  0000000000421943  MAIN__                    645  ocean_solo.F90
fms_ACCESS-OM_730  000000000040F822  Unknown               Unknown  Unknown
libc-2.28.so       00001537D84287E5  __libc_start_main     Unknown  Unknown
fms_ACCESS-OM_730  000000000040F72E  Unknown               Unknown  Unknown
forrtl: error (78): process killed (SIGTERM)
Image              PC                Routine            Line        Source             
fms_ACCESS-OM_730  0000000001D184C4  Unknown               Unknown  Unknown
libpthread-2.28.s  0000151677180990  Unknown               Unknown  Unknown
libucp.so.0.0.0    00001516641AFEA4  ucp_worker_progre     Unknown  Unknown
mca_pml_ucx.so     0000151664657397  mca_pml_ucx_progr     Unknown  Unknown
libopen-pal.so.40  000015167247772B  opal_progress         Unknown  Unknown
libmpi.so.40.20.2  000015167775F2D5  ompi_request_defa     Unknown  Unknown
libmpi.so.40.20.2  00001516777A213F  PMPI_Waitall          Unknown  Unknown
libmpi_mpifh.so    0000151677A977ED  Unknown               Unknown  Unknown
fms_ACCESS-OM_730  0000000001BB4320  Unknown               Unknown  Unknown
fms_ACCESS-OM_730  0000000001BB32D9  Unknown               Unknown  Unknown
fms_ACCESS-OM_730  0000000001AC12B3  mod_oasis_advance        1130  mod_oasis_advance.F90
fms_ACCESS-OM_730  00000000019C2A58  mod_oasis_getput_         766  mod_oasis_getput_interface.F90
fms_ACCESS-OM_730  0000000000411D4C  mom_oasis3_interf         701  mom_oasis3_interface.F90
fms_ACCESS-OM_730  0000000000421943  MAIN__                    645  ocean_solo.F90
fms_ACCESS-OM_730  000000000040F822  Unknown               Unknown  Unknown
libc-2.28.so       0000151676DD17E5  __libc_start_main     Unknown  Unknown
fms_ACCESS-OM_730  000000000040F72E  Unknown               Unknown  Unknown
forrtl: error (78): process killed (SIGTERM)
Image              PC                Routine            Line        Source             
fms_ACCESS-OM_730  0000000001D184C4  Unknown               Unknown  Unknown
libpthread-2.28.s  00001456D689D990  Unknown               Unknown  Unknown
libmpi.so.40.20.2  00001456D6E57140  Unknown               Unknown  Unknown
libmpi.so.40.20.2  00001456D6E7C2D5  ompi_request_defa     Unknown  Unknown
libmpi.so.40.20.2  00001456D6EBF13F  PMPI_Waitall          Unknown  Unknown
libmpi_mpifh.so    00001456D71B47ED  Unknown               Unknown  Unknown
fms_ACCESS-OM_730  0000000001BB4320  Unknown               Unknown  Unknown
fms_ACCESS-OM_730  0000000001BB32D9  Unknown               Unknown  Unknown
fms_ACCESS-OM_730  0000000001AC12B3  mod_oasis_advance        1130  mod_oasis_advance.F90
fms_ACCESS-OM_730  00000000019C2A58  mod_oasis_getput_         766  mod_oasis_getput_interface.F90
fms_ACCESS-OM_730  0000000000411D4C  mom_oasis3_interf         701  mom_oasis3_interface.F90
fms_ACCESS-OM_730  0000000000421943  MAIN__                    645  ocean_solo.F90
fms_ACCESS-OM_730  000000000040F822  Unknown               Unknown  Unknown
libc-2.28.so       00001456D64EE7E5  __libc_start_main     Unknown  Unknown
fms_ACCESS-OM_730  000000000040F72E  Unknown               Unknown  Unknown
forrtl: error (78): process killed (SIGTERM)
Image              PC                Routine            Line        Source             
fms_ACCESS-OM_730  0000000001D184C4  Unknown               Unknown  Unknown
libpthread-2.28.s  00001502C4EBD990  Unknown               Unknown  Unknown
libhcoll.so.1.0.1  00001502A2B1C76C  hcoll_ml_progress     Unknown  Unknown
libopen-pal.so.40  00001502C01B472B  opal_progress         Unknown  Unknown
libmpi.so.40.20.2  00001502C549C2D5  ompi_request_defa     Unknown  Unknown
libmpi.so.40.20.2  00001502C54DF13F  PMPI_Waitall          Unknown  Unknown
libmpi_mpifh.so    00001502C57D47ED  Unknown               Unknown  Unknown
fms_ACCESS-OM_730  0000000001BB4320  Unknown               Unknown  Unknown
fms_ACCESS-OM_730  0000000001BB32D9  Unknown               Unknown  Unknown
fms_ACCESS-OM_730  0000000001AC12B3  mod_oasis_advance        1130  mod_oasis_advance.F90
fms_ACCESS-OM_730  00000000019C2A58  mod_oasis_getput_         766  mod_oasis_getput_interface.F90
fms_ACCESS-OM_730  0000000000411D4C  mom_oasis3_interf         701  mom_oasis3_interface.F90
fms_ACCESS-OM_730  0000000000421943  MAIN__                    645  ocean_solo.F90
fms_ACCESS-OM_730  000000000040F822  Unknown               Unknown  Unknown
libc-2.28.so       00001502C4B0E7E5  __libc_start_main     Unknown  Unknown
fms_ACCESS-OM_730  000000000040F72E  Unknown               Unknown  Unknown
forrtl: error (78): process killed (SIGTERM)
Image              PC                Routine            Line        Source             
fms_ACCESS-OM_730  0000000001D184C4  Unknown               Unknown  Unknown
libpthread-2.28.s  000014AC4148F990  Unknown               Unknown  Unknown
libuct.so.0.0.0    000014AC2D299242  Unknown               Unknown  Unknown
libucp.so.0.0.0    000014AC2D502E9A  ucp_worker_progre     Unknown  Unknown
mca_pml_ucx.so     000014AC2D9AA397  mca_pml_ucx_progr     Unknown  Unknown
libopen-pal.so.40  000014AC3C78672B  opal_progress         Unknown  Unknown
libmpi.so.40.20.2  000014AC41A6E2D5  ompi_request_defa     Unknown  Unknown
libmpi.so.40.20.2  000014AC41AB113F  PMPI_Waitall          Unknown  Unknown
libmpi_mpifh.so    000014AC41DA67ED  Unknown               Unknown  Unknown
fms_ACCESS-OM_730  0000000001BB4320  Unknown               Unknown  Unknown
fms_ACCESS-OM_730  0000000001BB32D9  Unknown               Unknown  Unknown
fms_ACCESS-OM_730  0000000001AC12B3  mod_oasis_advance        1130  mod_oasis_advance.F90
fms_ACCESS-OM_730  00000000019C2A58  mod_oasis_getput_         766  mod_oasis_getput_interface.F90
fms_ACCESS-OM_730  0000000000411D4C  mom_oasis3_interf         701  mom_oasis3_interface.F90
fms_ACCESS-OM_730  0000000000421943  MAIN__                    645  ocean_solo.F90
fms_ACCESS-OM_730  000000000040F822  Unknown               Unknown  Unknown
libc-2.28.so       000014AC410E07E5  __libc_start_main     Unknown  Unknown
fms_ACCESS-OM_730  000000000040F72E  Unknown               Unknown  Unknown
forrtl: error (78): process killed (SIGTERM)
Image              PC                Routine            Line        Source             
fms_ACCESS-OM_730  0000000001D184C4  Unknown               Unknown  Unknown
libpthread-2.28.s  0000148453445990  Unknown               Unknown  Unknown
libucp.so.0.0.0    00001484404C3EBC  ucp_worker_progre     Unknown  Unknown
mca_pml_ucx.so     000014844096B397  mca_pml_ucx_progr     Unknown  Unknown
libopen-pal.so.40  000014844E73C72B  opal_progress         Unknown  Unknown
libmpi.so.40.20.2  0000148453A242D5  ompi_request_defa     Unknown  Unknown
libmpi.so.40.20.2  0000148453A6713F  PMPI_Waitall          Unknown  Unknown
libmpi_mpifh.so    0000148453D5C7ED  Unknown               Unknown  Unknown
fms_ACCESS-OM_730  0000000001BB4320  Unknown               Unknown  Unknown
fms_ACCESS-OM_730  0000000001BB32D9  Unknown               Unknown  Unknown
fms_ACCESS-OM_730  0000000001AC12B3  mod_oasis_advance        1130  mod_oasis_advance.F90
fms_ACCESS-OM_730  00000000019C2A58  mod_oasis_getput_         766  mod_oasis_getput_interface.F90
fms_ACCESS-OM_730  0000000000411D4C  mom_oasis3_interf         701  mom_oasis3_interface.F90
fms_ACCESS-OM_730  0000000000421943  MAIN__                    645  ocean_solo.F90
fms_ACCESS-OM_730  000000000040F822  Unknown               Unknown  Unknown
libc-2.28.so       00001484530967E5  __libc_start_main     Unknown  Unknown
fms_ACCESS-OM_730  000000000040F72E  Unknown               Unknown  Unknown
forrtl: error (78): process killed (SIGTERM)
Image              PC                Routine            Line        Source             
fms_ACCESS-OM_730  0000000001D184C4  Unknown               Unknown  Unknown
libpthread-2.28.s  00001465F9790990  Unknown               Unknown  Unknown
mca_pml_ucx.so     00001465E5CB9380  mca_pml_ucx_progr     Unknown  Unknown
libopen-pal.so.40  00001465F4A8772B  opal_progress         Unknown  Unknown
libmpi.so.40.20.2  00001465F9D6F2D5  ompi_request_defa     Unknown  Unknown
libmpi.so.40.20.2  00001465F9DB213F  PMPI_Waitall          Unknown  Unknown
libmpi_mpifh.so    00001465FA0A77ED  Unknown               Unknown  Unknown
fms_ACCESS-OM_730  0000000001BB4320  Unknown               Unknown  Unknown
fms_ACCESS-OM_730  0000000001BB32D9  Unknown               Unknown  Unknown
fms_ACCESS-OM_730  0000000001AC12B3  mod_oasis_advance        1130  mod_oasis_advance.F90
fms_ACCESS-OM_730  00000000019C2A58  mod_oasis_getput_         766  mod_oasis_getput_interface.F90
fms_ACCESS-OM_730  0000000000411D4C  mom_oasis3_interf         701  mom_oasis3_interface.F90
fms_ACCESS-OM_730  0000000000421943  MAIN__                    645  ocean_solo.F90
fms_ACCESS-OM_730  000000000040F822  Unknown               Unknown  Unknown
libc-2.28.so       00001465F93E17E5  __libc_start_main     Unknown  Unknown
fms_ACCESS-OM_730  000000000040F72E  Unknown               Unknown  Unknown
forrtl: error (78): process killed (SIGTERM)
Image              PC                Routine            Line        Source             
fms_ACCESS-OM_730  0000000001D184C4  Unknown               Unknown  Unknown
libpthread-2.28.s  00001487F9EBC990  Unknown               Unknown  Unknown
libuct.so.0.0.0    00001487DC06F354  Unknown               Unknown  Unknown
libucp.so.0.0.0    00001487DC2D8E9A  ucp_worker_progre     Unknown  Unknown
mca_pml_ucx.so     00001487DC780397  mca_pml_ucx_progr     Unknown  Unknown
libopen-pal.so.40  00001487F51B372B  opal_progress         Unknown  Unknown
libmpi.so.40.20.2  00001487FA49B2D5  ompi_request_defa     Unknown  Unknown
libmpi.so.40.20.2  00001487FA4DE13F  PMPI_Waitall          Unknown  Unknown
libmpi_mpifh.so    00001487FA7D37ED  Unknown               Unknown  Unknown
fms_ACCESS-OM_730  0000000001BB4320  Unknown               Unknown  Unknown
fms_ACCESS-OM_730  0000000001BB32D9  Unknown               Unknown  Unknown
fms_ACCESS-OM_730  0000000001AC12B3  mod_oasis_advance        1130  mod_oasis_advance.F90
fms_ACCESS-OM_730  00000000019C2A58  mod_oasis_getput_         766  mod_oasis_getput_interface.F90
fms_ACCESS-OM_730  0000000000411D4C  mom_oasis3_interf         701  mom_oasis3_interface.F90
fms_ACCESS-OM_730  0000000000421943  MAIN__                    645  ocean_solo.F90
fms_ACCESS-OM_730  000000000040F822  Unknown               Unknown  Unknown
libc-2.28.so       00001487F9B0D7E5  __libc_start_main     Unknown  Unknown
fms_ACCESS-OM_730  000000000040F72E  Unknown               Unknown  Unknown
forrtl: error (78): process killed (SIGTERM)
Image              PC                Routine            Line        Source             
fms_ACCESS-OM_730  0000000001D184C4  Unknown               Unknown  Unknown
libpthread-2.28.s  0000152587878990  Unknown               Unknown  Unknown
libuct.so.0.0.0    0000152574664208  Unknown               Unknown  Unknown
libucp.so.0.0.0    00001525748CDE9A  ucp_worker_progre     Unknown  Unknown
mca_pml_ucx.so     0000152574D75397  mca_pml_ucx_progr     Unknown  Unknown
libopen-pal.so.40  0000152582B6F72B  opal_progress         Unknown  Unknown
libmpi.so.40.20.2  0000152587E572D5  ompi_request_defa     Unknown  Unknown
libmpi.so.40.20.2  0000152587E9A13F  PMPI_Waitall          Unknown  Unknown
libmpi_mpifh.so    000015258818F7ED  Unknown               Unknown  Unknown
fms_ACCESS-OM_730  0000000001BB4320  Unknown               Unknown  Unknown
fms_ACCESS-OM_730  0000000001BB32D9  Unknown               Unknown  Unknown
fms_ACCESS-OM_730  0000000001AC12B3  mod_oasis_advance        1130  mod_oasis_advance.F90
fms_ACCESS-OM_730  00000000019C2A58  mod_oasis_getput_         766  mod_oasis_getput_interface.F90
fms_ACCESS-OM_730  0000000000411D4C  mom_oasis3_interf         701  mom_oasis3_interface.F90
fms_ACCESS-OM_730  0000000000421943  MAIN__                    645  ocean_solo.F90
fms_ACCESS-OM_730  000000000040F822  Unknown               Unknown  Unknown
libc-2.28.so       00001525874C97E5  __libc_start_main     Unknown  Unknown
fms_ACCESS-OM_730  000000000040F72E  Unknown               Unknown  Unknown
forrtl: error (78): process killed (SIGTERM)
Image              PC                Routine            Line        Source             
fms_ACCESS-OM_730  0000000001D184C4  Unknown               Unknown  Unknown
libpthread-2.28.s  000014ACFAB93990  Unknown               Unknown  Unknown
libuct.so.0.0.0    000014ACDCCA9214  Unknown               Unknown  Unknown
libucp.so.0.0.0    000014ACDCF12E9A  ucp_worker_progre     Unknown  Unknown
mca_pml_ucx.so     000014ACE803A397  mca_pml_ucx_progr     Unknown  Unknown
libopen-pal.so.40  000014ACF5E8A72B  opal_progress         Unknown  Unknown
libmpi.so.40.20.2  000014ACFB1722D5  ompi_request_defa     Unknown  Unknown
libmpi.so.40.20.2  000014ACFB1B513F  PMPI_Waitall          Unknown  Unknown
libmpi_mpifh.so    000014ACFB4AA7ED  Unknown               Unknown  Unknown
fms_ACCESS-OM_730  0000000001BB4320  Unknown               Unknown  Unknown
fms_ACCESS-OM_730  0000000001BB32D9  Unknown               Unknown  Unknown
fms_ACCESS-OM_730  0000000001AC12B3  mod_oasis_advance        1130  mod_oasis_advance.F90
fms_ACCESS-OM_730  00000000019C2A58  mod_oasis_getput_         766  mod_oasis_getput_interface.F90
fms_ACCESS-OM_730  0000000000411D4C  mom_oasis3_interf         701  mom_oasis3_interface.F90
fms_ACCESS-OM_730  0000000000421943  MAIN__                    645  ocean_solo.F90
fms_ACCESS-OM_730  000000000040F822  Unknown               Unknown  Unknown
libc-2.28.so       000014ACFA7E47E5  __libc_start_main     Unknown  Unknown
fms_ACCESS-OM_730  000000000040F72E  Unknown               Unknown  Unknown
forrtl: error (78): process killed (SIGTERM)
Image              PC                Routine            Line        Source             
fms_ACCESS-OM_730  0000000001D184C4  Unknown               Unknown  Unknown
libpthread-2.28.s  000014818C73D990  Unknown               Unknown  Unknown
libucp.so.0.0.0    00001481786E9EF2  ucp_worker_progre     Unknown  Unknown
mca_pml_ucx.so     0000148178B91397  mca_pml_ucx_progr     Unknown  Unknown
libopen-pal.so.40  0000148187A3472B  opal_progress         Unknown  Unknown
libmpi.so.40.20.2  000014818CD1C2D5  ompi_request_defa     Unknown  Unknown
libmpi.so.40.20.2  000014818CD5F13F  PMPI_Waitall          Unknown  Unknown
libmpi_mpifh.so    000014818D0547ED  Unknown               Unknown  Unknown
fms_ACCESS-OM_730  0000000001BB4320  Unknown               Unknown  Unknown
fms_ACCESS-OM_730  0000000001BB32D9  Unknown               Unknown  Unknown
fms_ACCESS-OM_730  0000000001AC12B3  mod_oasis_advance        1130  mod_oasis_advance.F90
fms_ACCESS-OM_730  00000000019C2A58  mod_oasis_getput_         766  mod_oasis_getput_interface.F90
fms_ACCESS-OM_730  0000000000411D4C  mom_oasis3_interf         701  mom_oasis3_interface.F90
fms_ACCESS-OM_730  0000000000421943  MAIN__                    645  ocean_solo.F90
fms_ACCESS-OM_730  000000000040F822  Unknown               Unknown  Unknown
libc-2.28.so       000014818C38E7E5  __libc_start_main     Unknown  Unknown
fms_ACCESS-OM_730  000000000040F72E  Unknown               Unknown  Unknown
forrtl: error (78): process killed (SIGTERM)
Image              PC                Routine            Line        Source             
fms_ACCESS-OM_730  0000000001D184C4  Unknown               Unknown  Unknown
libpthread-2.28.s  0000146EB6C55990  Unknown               Unknown  Unknown
libopen-pal.so.40  0000146EB1F4C72B  opal_progress         Unknown  Unknown
libmpi.so.40.20.2  0000146EB72342D5  ompi_request_defa     Unknown  Unknown
libmpi.so.40.20.2  0000146EB727713F  PMPI_Waitall          Unknown  Unknown
libmpi_mpifh.so    0000146EB756C7ED  Unknown               Unknown  Unknown
fms_ACCESS-OM_730  0000000001BB4320  Unknown               Unknown  Unknown
fms_ACCESS-OM_730  0000000001BB32D9  Unknown               Unknown  Unknown
fms_ACCESS-OM_730  0000000001AC12B3  mod_oasis_advance        1130  mod_oasis_advance.F90
fms_ACCESS-OM_730  00000000019C2A58  mod_oasis_getput_         766  mod_oasis_getput_interface.F90
fms_ACCESS-OM_730  0000000000411D4C  mom_oasis3_interf         701  mom_oasis3_interface.F90
fms_ACCESS-OM_730  0000000000421943  MAIN__                    645  ocean_solo.F90
fms_ACCESS-OM_730  000000000040F822  Unknown               Unknown  Unknown
libc-2.28.so       0000146EB68A67E5  __libc_start_main     Unknown  Unknown
fms_ACCESS-OM_730  000000000040F72E  Unknown               Unknown  Unknown
forrtl: error (78): process killed (SIGTERM)
Image              PC                Routine            Line        Source             
fms_ACCESS-OM_730  0000000001D184C4  Unknown               Unknown  Unknown
libpthread-2.28.s  00001528EA7BE990  Unknown               Unknown  Unknown
libuct.so.0.0.0    00001528D65E5391  Unknown               Unknown  Unknown
libucp.so.0.0.0    00001528D684EE9A  ucp_worker_progre     Unknown  Unknown
mca_pml_ucx.so     00001528D6CF6397  mca_pml_ucx_progr     Unknown  Unknown
libopen-pal.so.40  00001528E5AB572B  opal_progress         Unknown  Unknown
libmpi.so.40.20.2  00001528EAD9D2D5  ompi_request_defa     Unknown  Unknown
libmpi.so.40.20.2  00001528EADE013F  PMPI_Waitall          Unknown  Unknown
libmpi_mpifh.so    00001528EB0D57ED  Unknown               Unknown  Unknown
fms_ACCESS-OM_730  0000000001BB4320  Unknown               Unknown  Unknown
fms_ACCESS-OM_730  0000000001BB32D9  Unknown               Unknown  Unknown
fms_ACCESS-OM_730  0000000001AC12B3  mod_oasis_advance        1130  mod_oasis_advance.F90
fms_ACCESS-OM_730  00000000019C2A58  mod_oasis_getput_         766  mod_oasis_getput_interface.F90
fms_ACCESS-OM_730  0000000000411D4C  mom_oasis3_interf         701  mom_oasis3_interface.F90
fms_ACCESS-OM_730  0000000000421943  MAIN__                    645  ocean_solo.F90
fms_ACCESS-OM_730  000000000040F822  Unknown               Unknown  Unknown
libc-2.28.so       00001528EA40F7E5  __libc_start_main     Unknown  Unknown
fms_ACCESS-OM_730  000000000040F72E  Unknown               Unknown  Unknown
forrtl: error (78): process killed (SIGTERM)
Image              PC                Routine            Line        Source             
fms_ACCESS-OM_730  0000000001D184C4  Unknown               Unknown  Unknown
libpthread-2.28.s  000014D1C4CC5990  Unknown               Unknown  Unknown
libuct.so.0.0.0    000014D1B0A86202  Unknown               Unknown  Unknown
libucp.so.0.0.0    000014D1B0CEFE9A  ucp_worker_progre     Unknown  Unknown
mca_pml_ucx.so     000014D1B1197397  mca_pml_ucx_progr     Unknown  Unknown
libopen-pal.so.40  000014D1BFFBC72B  opal_progress         Unknown  Unknown
libmpi.so.40.20.2  000014D1C52A42D5  ompi_request_defa     Unknown  Unknown
libmpi.so.40.20.2  000014D1C52E713F  PMPI_Waitall          Unknown  Unknown
libmpi_mpifh.so    000014D1C55DC7ED  Unknown               Unknown  Unknown
fms_ACCESS-OM_730  0000000001BB4320  Unknown               Unknown  Unknown
fms_ACCESS-OM_730  0000000001BB32D9  Unknown               Unknown  Unknown
fms_ACCESS-OM_730  0000000001AC12B3  mod_oasis_advance        1130  mod_oasis_advance.F90
fms_ACCESS-OM_730  00000000019C2A58  mod_oasis_getput_         766  mod_oasis_getput_interface.F90
fms_ACCESS-OM_730  0000000000411D4C  mom_oasis3_interf         701  mom_oasis3_interface.F90
fms_ACCESS-OM_730  0000000000421943  MAIN__                    645  ocean_solo.F90
fms_ACCESS-OM_730  000000000040F822  Unknown               Unknown  Unknown
libc-2.28.so       000014D1C49167E5  __libc_start_main     Unknown  Unknown
fms_ACCESS-OM_730  000000000040F72E  Unknown               Unknown  Unknown
forrtl: error (78): process killed (SIGTERM)
Image              PC                Routine            Line        Source             
fms_ACCESS-OM_730  0000000001D184C4  Unknown               Unknown  Unknown
libpthread-2.28.s  00001509D07CE990  Unknown               Unknown  Unknown
libopen-pal.so.40  00001509CBAC5791  opal_progress         Unknown  Unknown
libmpi.so.40.20.2  00001509D0DAD2D5  ompi_request_defa     Unknown  Unknown
libmpi.so.40.20.2  00001509D0DF013F  PMPI_Waitall          Unknown  Unknown
libmpi_mpifh.so    00001509D10E57ED  Unknown               Unknown  Unknown
fms_ACCESS-OM_730  0000000001BB4320  Unknown               Unknown  Unknown
fms_ACCESS-OM_730  0000000001BB32D9  Unknown               Unknown  Unknown
fms_ACCESS-OM_730  0000000001AC12B3  mod_oasis_advance        1130  mod_oasis_advance.F90
fms_ACCESS-OM_730  00000000019C2A58  mod_oasis_getput_         766  mod_oasis_getput_interface.F90
fms_ACCESS-OM_730  0000000000411D4C  mom_oasis3_interf         701  mom_oasis3_interface.F90
fms_ACCESS-OM_730  0000000000421943  MAIN__                    645  ocean_solo.F90
fms_ACCESS-OM_730  000000000040F822  Unknown               Unknown  Unknown
libc-2.28.so       00001509D041F7E5  __libc_start_main     Unknown  Unknown
fms_ACCESS-OM_730  000000000040F72E  Unknown               Unknown  Unknown
forrtl: error (78): process killed (SIGTERM)
Image              PC                Routine            Line        Source             
fms_ACCESS-OM_730  0000000001D184C4  Unknown               Unknown  Unknown
libpthread-2.28.s  0000150BC3EB3990  Unknown               Unknown  Unknown
libuct_ib.so.0.0.  0000150BA3C3AE8A  Unknown               Unknown  Unknown
libucp.so.0.0.0    0000150BA6117E9A  ucp_worker_progre     Unknown  Unknown
mca_pml_ucx.so     0000150BB0389397  mca_pml_ucx_progr     Unknown  Unknown
libopen-pal.so.40  0000150BBF1AA72B  opal_progress         Unknown  Unknown
libmpi.so.40.20.2  0000150BC44922D5  ompi_request_defa     Unknown  Unknown
libmpi.so.40.20.2  0000150BC44D513F  PMPI_Waitall          Unknown  Unknown
libmpi_mpifh.so    0000150BC47CA7ED  Unknown               Unknown  Unknown
fms_ACCESS-OM_730  0000000001BB4320  Unknown               Unknown  Unknown
fms_ACCESS-OM_730  0000000001BB32D9  Unknown               Unknown  Unknown
fms_ACCESS-OM_730  0000000001AC12B3  mod_oasis_advance        1130  mod_oasis_advance.F90
fms_ACCESS-OM_730  00000000019C2A58  mod_oasis_getput_         766  mod_oasis_getput_interface.F90
fms_ACCESS-OM_730  0000000000411D4C  mom_oasis3_interf         701  mom_oasis3_interface.F90
fms_ACCESS-OM_730  0000000000421943  MAIN__                    645  ocean_solo.F90
fms_ACCESS-OM_730  000000000040F822  Unknown               Unknown  Unknown
libc-2.28.so       0000150BC3B047E5  __libc_start_main     Unknown  Unknown
fms_ACCESS-OM_730  000000000040F72E  Unknown               Unknown  Unknown
forrtl: error (78): process killed (SIGTERM)
Image              PC                Routine            Line        Source             
fms_ACCESS-OM_730  0000000001D184C4  Unknown               Unknown  Unknown
libpthread-2.28.s  00001487084F3990  Unknown               Unknown  Unknown
libopen-pal.so.40  00001487037EA745  opal_progress         Unknown  Unknown
libmpi.so.40.20.2  0000148708AD22D5  ompi_request_defa     Unknown  Unknown
libmpi.so.40.20.2  0000148708B1513F  PMPI_Waitall          Unknown  Unknown
libmpi_mpifh.so    0000148708E0A7ED  Unknown               Unknown  Unknown
fms_ACCESS-OM_730  0000000001BB4320  Unknown               Unknown  Unknown
fms_ACCESS-OM_730  0000000001BB32D9  Unknown               Unknown  Unknown
fms_ACCESS-OM_730  0000000001AC12B3  mod_oasis_advance        1130  mod_oasis_advance.F90
fms_ACCESS-OM_730  00000000019C2A58  mod_oasis_getput_         766  mod_oasis_getput_interface.F90
fms_ACCESS-OM_730  0000000000411D4C  mom_oasis3_interf         701  mom_oasis3_interface.F90
fms_ACCESS-OM_730  0000000000421943  MAIN__                    645  ocean_solo.F90
fms_ACCESS-OM_730  000000000040F822  Unknown               Unknown  Unknown
libc-2.28.so       00001487081447E5  __libc_start_main     Unknown  Unknown
fms_ACCESS-OM_730  000000000040F72E  Unknown               Unknown  Unknown
forrtl: error (78): process killed (SIGTERM)
Image              PC                Routine            Line        Source             
fms_ACCESS-OM_730  0000000001D184C4  Unknown               Unknown  Unknown
libpthread-2.28.s  000014BBBF8E2990  Unknown               Unknown  Unknown
libopen-pal.so.40  000014BBBAC3CC35  Unknown               Unknown  Unknown
libopen-pal.so.40  000014BBBABD95F4  Unknown               Unknown  Unknown
libopen-pal.so.40  000014BBBABD977B  opal_progress         Unknown  Unknown
libmpi.so.40.20.2  000014BBBFEC12D5  ompi_request_defa     Unknown  Unknown
libmpi.so.40.20.2  000014BBBFF0413F  PMPI_Waitall          Unknown  Unknown
libmpi_mpifh.so    000014BBC01F97ED  Unknown               Unknown  Unknown
fms_ACCESS-OM_730  0000000001BB4320  Unknown               Unknown  Unknown
fms_ACCESS-OM_730  0000000001BB32D9  Unknown               Unknown  Unknown
fms_ACCESS-OM_730  0000000001AC12B3  mod_oasis_advance        1130  mod_oasis_advance.F90
fms_ACCESS-OM_730  00000000019C2A58  mod_oasis_getput_         766  mod_oasis_getput_interface.F90
fms_ACCESS-OM_730  0000000000411D4C  mom_oasis3_interf         701  mom_oasis3_interface.F90
fms_ACCESS-OM_730  0000000000421943  MAIN__                    645  ocean_solo.F90
fms_ACCESS-OM_730  000000000040F822  Unknown               Unknown  Unknown
libc-2.28.so       000014BBBF5337E5  __libc_start_main     Unknown  Unknown
fms_ACCESS-OM_730  000000000040F72E  Unknown               Unknown  Unknown
forrtl: error (78): process killed (SIGTERM)
Image              PC                Routine            Line        Source             
fms_ACCESS-OM_730  0000000001D184C4  Unknown               Unknown  Unknown
libpthread-2.28.s  0000154A4CADD990  Unknown               Unknown  Unknown
libopen-pal.so.40  0000154A47DD477B  opal_progress         Unknown  Unknown
libmpi.so.40.20.2  0000154A4D0BC2D5  ompi_request_defa     Unknown  Unknown
libmpi.so.40.20.2  0000154A4D0FF13F  PMPI_Waitall          Unknown  Unknown
libmpi_mpifh.so    0000154A4D3F47ED  Unknown               Unknown  Unknown
fms_ACCESS-OM_730  0000000001BB4320  Unknown               Unknown  Unknown
fms_ACCESS-OM_730  0000000001BB32D9  Unknown               Unknown  Unknown
fms_ACCESS-OM_730  0000000001AC12B3  mod_oasis_advance        1130  mod_oasis_advance.F90
fms_ACCESS-OM_730  00000000019C2A58  mod_oasis_getput_         766  mod_oasis_getput_interface.F90
fms_ACCESS-OM_730  0000000000411D4C  mom_oasis3_interf         701  mom_oasis3_interface.F90
fms_ACCESS-OM_730  0000000000421943  MAIN__                    645  ocean_solo.F90
fms_ACCESS-OM_730  000000000040F822  Unknown               Unknown  Unknown
libc-2.28.so       0000154A4C72E7E5  __libc_start_main     Unknown  Unknown
fms_ACCESS-OM_730  000000000040F72E  Unknown               Unknown  Unknown
forrtl: error (78): process killed (SIGTERM)
Image              PC                Routine            Line        Source             
fms_ACCESS-OM_730  0000000001D184C4  Unknown               Unknown  Unknown
libpthread-2.28.s  000014EB1D442990  Unknown               Unknown  Unknown
libucp.so.0.0.0    000014EB09401E8F  ucp_worker_progre     Unknown  Unknown
mca_pml_ucx.so     000014EB098A9397  mca_pml_ucx_progr     Unknown  Unknown
libopen-pal.so.40  000014EB1873972B  opal_progress         Unknown  Unknown
libmpi.so.40.20.2  000014EB1DA212D5  ompi_request_defa     Unknown  Unknown
libmpi.so.40.20.2  000014EB1DA6413F  PMPI_Waitall          Unknown  Unknown
libmpi_mpifh.so    000014EB1DD597ED  Unknown               Unknown  Unknown
fms_ACCESS-OM_730  0000000001BB4320  Unknown               Unknown  Unknown
fms_ACCESS-OM_730  0000000001BB32D9  Unknown               Unknown  Unknown
fms_ACCESS-OM_730  0000000001AC12B3  mod_oasis_advance        1130  mod_oasis_advance.F90
fms_ACCESS-OM_730  00000000019C2A58  mod_oasis_getput_         766  mod_oasis_getput_interface.F90
fms_ACCESS-OM_730  0000000000411D4C  mom_oasis3_interf         701  mom_oasis3_interface.F90
fms_ACCESS-OM_730  0000000000421943  MAIN__                    645  ocean_solo.F90
fms_ACCESS-OM_730  000000000040F822  Unknown               Unknown  Unknown
libc-2.28.so       000014EB1D0937E5  __libc_start_main     Unknown  Unknown
fms_ACCESS-OM_730  000000000040F72E  Unknown               Unknown  Unknown
forrtl: error (78): process killed (SIGTERM)
Image              PC                Routine            Line        Source             
fms_ACCESS-OM_730  0000000001D184C4  Unknown               Unknown  Unknown
libpthread-2.28.s  00001548EF69C990  Unknown               Unknown  Unknown
libuct_ib.so.0.0.  00001548CF58365A  Unknown               Unknown  Unknown
libucp.so.0.0.0    00001548DC6C9E9A  ucp_worker_progre     Unknown  Unknown
mca_pml_ucx.so     00001548DCB71397  mca_pml_ucx_progr     Unknown  Unknown
libopen-pal.so.40  00001548EA99372B  opal_progress         Unknown  Unknown
libmpi.so.40.20.2  00001548EFC7B2D5  ompi_request_defa     Unknown  Unknown
libmpi.so.40.20.2  00001548EFCBE13F  PMPI_Waitall          Unknown  Unknown
libmpi_mpifh.so    00001548EFFB37ED  Unknown               Unknown  Unknown
fms_ACCESS-OM_730  0000000001BB4320  Unknown               Unknown  Unknown
fms_ACCESS-OM_730  0000000001BB32D9  Unknown               Unknown  Unknown
fms_ACCESS-OM_730  0000000001AC12B3  mod_oasis_advance        1130  mod_oasis_advance.F90
fms_ACCESS-OM_730  00000000019C2A58  mod_oasis_getput_         766  mod_oasis_getput_interface.F90
fms_ACCESS-OM_730  0000000000411D4C  mom_oasis3_interf         701  mom_oasis3_interface.F90
fms_ACCESS-OM_730  0000000000421943  MAIN__                    645  ocean_solo.F90
fms_ACCESS-OM_730  000000000040F822  Unknown               Unknown  Unknown
libc-2.28.so       00001548EF2ED7E5  __libc_start_main     Unknown  Unknown
fms_ACCESS-OM_730  000000000040F72E  Unknown               Unknown  Unknown
forrtl: error (78): process killed (SIGTERM)
Image              PC                Routine            Line        Source             
fms_ACCESS-OM_730  0000000001D184C4  Unknown               Unknown  Unknown
libpthread-2.28.s  0000151984DD0990  Unknown               Unknown  Unknown
libopen-pal.so.40  00001519800C7700  opal_progress         Unknown  Unknown
libmpi.so.40.20.2  00001519853AF2D5  ompi_request_defa     Unknown  Unknown
libmpi.so.40.20.2  00001519853F213F  PMPI_Waitall          Unknown  Unknown
libmpi_mpifh.so    00001519856E77ED  Unknown               Unknown  Unknown
fms_ACCESS-OM_730  0000000001BB4320  Unknown               Unknown  Unknown
fms_ACCESS-OM_730  0000000001BB32D9  Unknown               Unknown  Unknown
fms_ACCESS-OM_730  0000000001AC12B3  mod_oasis_advance        1130  mod_oasis_advance.F90
fms_ACCESS-OM_730  00000000019C2A58  mod_oasis_getput_         766  mod_oasis_getput_interface.F90
fms_ACCESS-OM_730  0000000000411D4C  mom_oasis3_interf         701  mom_oasis3_interface.F90
fms_ACCESS-OM_730  0000000000421943  MAIN__                    645  ocean_solo.F90
fms_ACCESS-OM_730  000000000040F822  Unknown               Unknown  Unknown
libc-2.28.so       0000151984A217E5  __libc_start_main     Unknown  Unknown
fms_ACCESS-OM_730  000000000040F72E  Unknown               Unknown  Unknown
forrtl: error (78): process killed (SIGTERM)
Image              PC                Routine            Line        Source             
fms_ACCESS-OM_730  0000000001D184C4  Unknown               Unknown  Unknown
libpthread-2.28.s  000014E529033990  Unknown               Unknown  Unknown
libuct.so.0.0.0    000014E514D8F391  Unknown               Unknown  Unknown
libucp.so.0.0.0    000014E514FF8E9A  ucp_worker_progre     Unknown  Unknown
mca_pml_ucx.so     000014E5154A0397  mca_pml_ucx_progr     Unknown  Unknown
libopen-pal.so.40  000014E52432A72B  opal_progress         Unknown  Unknown
libmpi.so.40.20.2  000014E5296122D5  ompi_request_defa     Unknown  Unknown
libmpi.so.40.20.2  000014E52965513F  PMPI_Waitall          Unknown  Unknown
libmpi_mpifh.so    000014E52994A7ED  Unknown               Unknown  Unknown
fms_ACCESS-OM_730  0000000001BB4320  Unknown               Unknown  Unknown
fms_ACCESS-OM_730  0000000001BB32D9  Unknown               Unknown  Unknown
fms_ACCESS-OM_730  0000000001AC12B3  mod_oasis_advance        1130  mod_oasis_advance.F90
fms_ACCESS-OM_730  00000000019C2A58  mod_oasis_getput_         766  mod_oasis_getput_interface.F90
fms_ACCESS-OM_730  0000000000411D4C  mom_oasis3_interf         701  mom_oasis3_interface.F90
fms_ACCESS-OM_730  0000000000421943  MAIN__                    645  ocean_solo.F90
fms_ACCESS-OM_730  000000000040F822  Unknown               Unknown  Unknown
libc-2.28.so       000014E528C847E5  __libc_start_main     Unknown  Unknown
fms_ACCESS-OM_730  000000000040F72E  Unknown               Unknown  Unknown
forrtl: error (78): process killed (SIGTERM)
Image              PC                Routine            Line        Source             
fms_ACCESS-OM_730  0000000001D184C4  Unknown               Unknown  Unknown
libpthread-2.28.s  000014A94874F990  Unknown               Unknown  Unknown
libopen-pal.so.40  000014A943AA9C35  Unknown               Unknown  Unknown
libopen-pal.so.40  000014A943A465F4  Unknown               Unknown  Unknown
libopen-pal.so.40  000014A943A4677B  opal_progress         Unknown  Unknown
libmpi.so.40.20.2  000014A948D2E2D5  ompi_request_defa     Unknown  Unknown
libmpi.so.40.20.2  000014A948D7113F  PMPI_Waitall          Unknown  Unknown
libmpi_mpifh.so    000014A9490667ED  Unknown               Unknown  Unknown
fms_ACCESS-OM_730  0000000001BB4320  Unknown               Unknown  Unknown
fms_ACCESS-OM_730  0000000001BB32D9  Unknown               Unknown  Unknown
fms_ACCESS-OM_730  0000000001AC12B3  mod_oasis_advance        1130  mod_oasis_advance.F90
fms_ACCESS-OM_730  00000000019C2A58  mod_oasis_getput_         766  mod_oasis_getput_interface.F90
fms_ACCESS-OM_730  0000000000411D4C  mom_oasis3_interf         701  mom_oasis3_interface.F90
fms_ACCESS-OM_730  0000000000421943  MAIN__                    645  ocean_solo.F90
fms_ACCESS-OM_730  000000000040F822  Unknown               Unknown  Unknown
libc-2.28.so       000014A9483A07E5  __libc_start_main     Unknown  Unknown
fms_ACCESS-OM_730  000000000040F72E  Unknown               Unknown  Unknown
forrtl: error (78): process killed (SIGTERM)
Image              PC                Routine            Line        Source             
fms_ACCESS-OM_730  0000000001D184C4  Unknown               Unknown  Unknown
libpthread-2.28.s  0000145F456F5990  Unknown               Unknown  Unknown
libuct.so.0.0.0    0000145F314A3354  Unknown               Unknown  Unknown
libucp.so.0.0.0    0000145F3170CE9A  ucp_worker_progre     Unknown  Unknown
mca_pml_ucx.so     0000145F31BB4397  mca_pml_ucx_progr     Unknown  Unknown
libopen-pal.so.40  0000145F409EC72B  opal_progress         Unknown  Unknown
libmpi.so.40.20.2  0000145F45CD42D5  ompi_request_defa     Unknown  Unknown
libmpi.so.40.20.2  0000145F45D1713F  PMPI_Waitall          Unknown  Unknown
libmpi_mpifh.so    0000145F4600C7ED  Unknown               Unknown  Unknown
fms_ACCESS-OM_730  0000000001BB4320  Unknown               Unknown  Unknown
fms_ACCESS-OM_730  0000000001BB32D9  Unknown               Unknown  Unknown
fms_ACCESS-OM_730  0000000001AC12B3  mod_oasis_advance        1130  mod_oasis_advance.F90
fms_ACCESS-OM_730  00000000019C2A58  mod_oasis_getput_         766  mod_oasis_getput_interface.F90
fms_ACCESS-OM_730  0000000000411D4C  mom_oasis3_interf         701  mom_oasis3_interface.F90
fms_ACCESS-OM_730  0000000000421943  MAIN__                    645  ocean_solo.F90
fms_ACCESS-OM_730  000000000040F822  Unknown               Unknown  Unknown
libc-2.28.so       0000145F453467E5  __libc_start_main     Unknown  Unknown
fms_ACCESS-OM_730  000000000040F72E  Unknown               Unknown  Unknown
forrtl: error (78): process killed (SIGTERM)
Image              PC                Routine            Line        Source             
fms_ACCESS-OM_730  0000000001D184C4  Unknown               Unknown  Unknown
libpthread-2.28.s  00001476D217D990  Unknown               Unknown  Unknown
libuct_ib.so.0.0.  00001476B200F692  Unknown               Unknown  Unknown
libucp.so.0.0.0    00001476B44ECE9A  ucp_worker_progre     Unknown  Unknown
mca_pml_ucx.so     00001476B4994397  mca_pml_ucx_progr     Unknown  Unknown
libopen-pal.so.40  00001476CD47472B  opal_progress         Unknown  Unknown
libmpi.so.40.20.2  00001476D275C2D5  ompi_request_defa     Unknown  Unknown
libmpi.so.40.20.2  00001476D279F13F  PMPI_Waitall          Unknown  Unknown
libmpi_mpifh.so    00001476D2A947ED  Unknown               Unknown  Unknown
fms_ACCESS-OM_730  0000000001BB4320  Unknown               Unknown  Unknown
fms_ACCESS-OM_730  0000000001BB32D9  Unknown               Unknown  Unknown
fms_ACCESS-OM_730  0000000001AC12B3  mod_oasis_advance        1130  mod_oasis_advance.F90
fms_ACCESS-OM_730  00000000019C2A58  mod_oasis_getput_         766  mod_oasis_getput_interface.F90
fms_ACCESS-OM_730  0000000000411D4C  mom_oasis3_interf         701  mom_oasis3_interface.F90
fms_ACCESS-OM_730  0000000000421943  MAIN__                    645  ocean_solo.F90
fms_ACCESS-OM_730  000000000040F822  Unknown               Unknown  Unknown
libc-2.28.so       00001476D1DCE7E5  __libc_start_main     Unknown  Unknown
fms_ACCESS-OM_730  000000000040F72E  Unknown               Unknown  Unknown
forrtl: error (78): process killed (SIGTERM)
Image              PC                Routine            Line        Source             
fms_ACCESS-OM_730  0000000001D184C4  Unknown               Unknown  Unknown
libpthread-2.28.s  0000149D89A9C990  Unknown               Unknown  Unknown
libucp.so.0.0.0    0000149D75B16E8F  ucp_worker_progre     Unknown  Unknown
mca_pml_ucx.so     0000149D75FBE397  mca_pml_ucx_progr     Unknown  Unknown
libopen-pal.so.40  0000149D84D9372B  opal_progress         Unknown  Unknown
libmpi.so.40.20.2  0000149D8A07B2D5  ompi_request_defa     Unknown  Unknown
libmpi.so.40.20.2  0000149D8A0BE13F  PMPI_Waitall          Unknown  Unknown
libmpi_mpifh.so    0000149D8A3B37ED  Unknown               Unknown  Unknown
fms_ACCESS-OM_730  0000000001BB4320  Unknown               Unknown  Unknown
fms_ACCESS-OM_730  0000000001BB32D9  Unknown               Unknown  Unknown
fms_ACCESS-OM_730  0000000001AC12B3  mod_oasis_advance        1130  mod_oasis_advance.F90
fms_ACCESS-OM_730  00000000019C2A58  mod_oasis_getput_         766  mod_oasis_getput_interface.F90
fms_ACCESS-OM_730  0000000000411D4C  mom_oasis3_interf         701  mom_oasis3_interface.F90
fms_ACCESS-OM_730  0000000000421943  MAIN__                    645  ocean_solo.F90
fms_ACCESS-OM_730  000000000040F822  Unknown               Unknown  Unknown
libc-2.28.so       0000149D896ED7E5  __libc_start_main     Unknown  Unknown
fms_ACCESS-OM_730  000000000040F72E  Unknown               Unknown  Unknown
forrtl: error (78): process killed (SIGTERM)
Image              PC                Routine            Line        Source             
fms_ACCESS-OM_730  0000000001D184C4  Unknown               Unknown  Unknown
libpthread-2.28.s  0000151EEDB07990  Unknown               Unknown  Unknown
libuct_ib.so.0.0.  0000151ED85BE80F  Unknown               Unknown  Unknown
libucp.so.0.0.0    0000151ED9B16E9A  ucp_worker_progre     Unknown  Unknown
mca_pml_ucx.so     0000151ED9FBE397  mca_pml_ucx_progr     Unknown  Unknown
libopen-pal.so.40  0000151EE8DFE72B  opal_progress         Unknown  Unknown
libmpi.so.40.20.2  0000151EEE0E62D5  ompi_request_defa     Unknown  Unknown
libmpi.so.40.20.2  0000151EEE12913F  PMPI_Waitall          Unknown  Unknown
libmpi_mpifh.so    0000151EEE41E7ED  Unknown               Unknown  Unknown
fms_ACCESS-OM_730  0000000001BB4320  Unknown               Unknown  Unknown
fms_ACCESS-OM_730  0000000001BB32D9  Unknown               Unknown  Unknown
fms_ACCESS-OM_730  0000000001AC12B3  mod_oasis_advance        1130  mod_oasis_advance.F90
fms_ACCESS-OM_730  00000000019C2A58  mod_oasis_getput_         766  mod_oasis_getput_interface.F90
fms_ACCESS-OM_730  0000000000411D4C  mom_oasis3_interf         701  mom_oasis3_interface.F90
fms_ACCESS-OM_730  0000000000421943  MAIN__                    645  ocean_solo.F90
fms_ACCESS-OM_730  000000000040F822  Unknown               Unknown  Unknown
libc-2.28.so       0000151EED7587E5  __libc_start_main     Unknown  Unknown
fms_ACCESS-OM_730  000000000040F72E  Unknown               Unknown  Unknown
forrtl: error (78): process killed (SIGTERM)
Image              PC                Routine            Line        Source             
fms_ACCESS-OM_730  0000000001D184C4  Unknown               Unknown  Unknown
libpthread-2.28.s  0000146AE4E13990  Unknown               Unknown  Unknown
libuct.so.0.0.0    0000146AD0B8923A  Unknown               Unknown  Unknown
libucp.so.0.0.0    0000146AD0DF2E9A  ucp_worker_progre     Unknown  Unknown
mca_pml_ucx.so     0000146AD129A397  mca_pml_ucx_progr     Unknown  Unknown
libopen-pal.so.40  0000146AE010A72B  opal_progress         Unknown  Unknown
libmpi.so.40.20.2  0000146AE53F22D5  ompi_request_defa     Unknown  Unknown
libmpi.so.40.20.2  0000146AE543513F  PMPI_Waitall          Unknown  Unknown
libmpi_mpifh.so    0000146AE572A7ED  Unknown               Unknown  Unknown
fms_ACCESS-OM_730  0000000001BB4320  Unknown               Unknown  Unknown
fms_ACCESS-OM_730  0000000001BB32D9  Unknown               Unknown  Unknown
fms_ACCESS-OM_730  0000000001AC12B3  mod_oasis_advance        1130  mod_oasis_advance.F90
fms_ACCESS-OM_730  00000000019C2A58  mod_oasis_getput_         766  mod_oasis_getput_interface.F90
fms_ACCESS-OM_730  0000000000411D4C  mom_oasis3_interf         701  mom_oasis3_interface.F90
fms_ACCESS-OM_730  0000000000421943  MAIN__                    645  ocean_solo.F90
fms_ACCESS-OM_730  000000000040F822  Unknown               Unknown  Unknown
libc-2.28.so       0000146AE4A647E5  __libc_start_main     Unknown  Unknown
fms_ACCESS-OM_730  000000000040F72E  Unknown               Unknown  Unknown
forrtl: error (78): process killed (SIGTERM)
Image              PC                Routine            Line        Source             
fms_ACCESS-OM_730  0000000001D184C4  Unknown               Unknown  Unknown
libpthread-2.28.s  000014B9F517D990  Unknown               Unknown  Unknown
libopen-pal.so.40  000014B9F0474718  opal_progress         Unknown  Unknown
libmpi.so.40.20.2  000014B9F575C2D5  ompi_request_defa     Unknown  Unknown
libmpi.so.40.20.2  000014B9F579F13F  PMPI_Waitall          Unknown  Unknown
libmpi_mpifh.so    000014B9F5A947ED  Unknown               Unknown  Unknown
fms_ACCESS-OM_730  0000000001BB4320  Unknown               Unknown  Unknown
fms_ACCESS-OM_730  0000000001BB32D9  Unknown               Unknown  Unknown
fms_ACCESS-OM_730  0000000001AC12B3  mod_oasis_advance        1130  mod_oasis_advance.F90
fms_ACCESS-OM_730  00000000019C2A58  mod_oasis_getput_         766  mod_oasis_getput_interface.F90
fms_ACCESS-OM_730  0000000000411D4C  mom_oasis3_interf         701  mom_oasis3_interface.F90
fms_ACCESS-OM_730  0000000000421943  MAIN__                    645  ocean_solo.F90
fms_ACCESS-OM_730  000000000040F822  Unknown               Unknown  Unknown
libc-2.28.so       000014B9F4DCE7E5  __libc_start_main     Unknown  Unknown
fms_ACCESS-OM_730  000000000040F72E  Unknown               Unknown  Unknown
forrtl: error (78): process killed (SIGTERM)
Image              PC                Routine            Line        Source             
fms_ACCESS-OM_730  0000000001D184C4  Unknown               Unknown  Unknown
libpthread-2.28.s  0000147B6DD3E990  Unknown               Unknown  Unknown
libuct.so.0.0.0    0000147B59AB2202  Unknown               Unknown  Unknown
libucp.so.0.0.0    0000147B59D1BE9A  ucp_worker_progre     Unknown  Unknown
mca_pml_ucx.so     0000147B5A1C3397  mca_pml_ucx_progr     Unknown  Unknown
libopen-pal.so.40  0000147B6903572B  opal_progress         Unknown  Unknown
libmpi.so.40.20.2  0000147B6E31D2D5  ompi_request_defa     Unknown  Unknown
libmpi.so.40.20.2  0000147B6E36013F  PMPI_Waitall          Unknown  Unknown
libmpi_mpifh.so    0000147B6E6557ED  Unknown               Unknown  Unknown
fms_ACCESS-OM_730  0000000001BB4320  Unknown               Unknown  Unknown
fms_ACCESS-OM_730  0000000001BB32D9  Unknown               Unknown  Unknown
fms_ACCESS-OM_730  0000000001AC12B3  mod_oasis_advance        1130  mod_oasis_advance.F90
fms_ACCESS-OM_730  00000000019C2A58  mod_oasis_getput_         766  mod_oasis_getput_interface.F90
fms_ACCESS-OM_730  0000000000411D4C  mom_oasis3_interf         701  mom_oasis3_interface.F90
fms_ACCESS-OM_730  0000000000421943  MAIN__                    645  ocean_solo.F90
fms_ACCESS-OM_730  000000000040F822  Unknown               Unknown  Unknown
libc-2.28.so       0000147B6D98F7E5  __libc_start_main     Unknown  Unknown
fms_ACCESS-OM_730  000000000040F72E  Unknown               Unknown  Unknown
forrtl: error (78): process killed (SIGTERM)
Image              PC                Routine            Line        Source             
fms_ACCESS-OM_730  0000000001D184C4  Unknown               Unknown  Unknown
libpthread-2.28.s  000014BB59EF4990  Unknown               Unknown  Unknown
libuct.so.0.0.0    000014BB3C06F34D  Unknown               Unknown  Unknown
libucp.so.0.0.0    000014BB3C2D8E9A  ucp_worker_progre     Unknown  Unknown
mca_pml_ucx.so     000014BB3C780397  mca_pml_ucx_progr     Unknown  Unknown
libopen-pal.so.40  000014BB551EB72B  opal_progress         Unknown  Unknown
libmpi.so.40.20.2  000014BB5A4D32D5  ompi_request_defa     Unknown  Unknown
libmpi.so.40.20.2  000014BB5A51613F  PMPI_Waitall          Unknown  Unknown
libmpi_mpifh.so    000014BB5A80B7ED  Unknown               Unknown  Unknown
fms_ACCESS-OM_730  0000000001BB4320  Unknown               Unknown  Unknown
fms_ACCESS-OM_730  0000000001BB32D9  Unknown               Unknown  Unknown
fms_ACCESS-OM_730  0000000001AC12B3  mod_oasis_advance        1130  mod_oasis_advance.F90
fms_ACCESS-OM_730  00000000019C2A58  mod_oasis_getput_         766  mod_oasis_getput_interface.F90
fms_ACCESS-OM_730  0000000000411D4C  mom_oasis3_interf         701  mom_oasis3_interface.F90
fms_ACCESS-OM_730  0000000000421943  MAIN__                    645  ocean_solo.F90
fms_ACCESS-OM_730  000000000040F822  Unknown               Unknown  Unknown
libc-2.28.so       000014BB59B457E5  __libc_start_main     Unknown  Unknown
fms_ACCESS-OM_730  000000000040F72E  Unknown               Unknown  Unknown
forrtl: error (78): process killed (SIGTERM)
Image              PC                Routine            Line        Source             
fms_ACCESS-OM_730  0000000001D184C4  Unknown               Unknown  Unknown
libpthread-2.28.s  000014A7D65E4990  Unknown               Unknown  Unknown
libuct.so.0.0.0    000014A7B869523A  Unknown               Unknown  Unknown
libucp.so.0.0.0    000014A7B88FEE9A  ucp_worker_progre     Unknown  Unknown
mca_pml_ucx.so     000014A7B8DA6397  mca_pml_ucx_progr     Unknown  Unknown
libopen-pal.so.40  000014A7D18DB72B  opal_progress         Unknown  Unknown
libmpi.so.40.20.2  000014A7D6BC32D5  ompi_request_defa     Unknown  Unknown
libmpi.so.40.20.2  000014A7D6C0613F  PMPI_Waitall          Unknown  Unknown
libmpi_mpifh.so    000014A7D6EFB7ED  Unknown               Unknown  Unknown
fms_ACCESS-OM_730  0000000001BB4320  Unknown               Unknown  Unknown
fms_ACCESS-OM_730  0000000001BB32D9  Unknown               Unknown  Unknown
fms_ACCESS-OM_730  0000000001AC12B3  mod_oasis_advance        1130  mod_oasis_advance.F90
fms_ACCESS-OM_730  00000000019C2A58  mod_oasis_getput_         766  mod_oasis_getput_interface.F90
fms_ACCESS-OM_730  0000000000411D4C  mom_oasis3_interf         701  mom_oasis3_interface.F90
fms_ACCESS-OM_730  0000000000421943  MAIN__                    645  ocean_solo.F90
fms_ACCESS-OM_730  000000000040F822  Unknown               Unknown  Unknown
libc-2.28.so       000014A7D62357E5  __libc_start_main     Unknown  Unknown
fms_ACCESS-OM_730  000000000040F72E  Unknown               Unknown  Unknown
forrtl: error (78): process killed (SIGTERM)
Image              PC                Routine            Line        Source             
fms_ACCESS-OM_730  0000000001D184C4  Unknown               Unknown  Unknown
libpthread-2.28.s  00001528AF0F2990  Unknown               Unknown  Unknown
libuct.so.0.0.0    000015289118C209  Unknown               Unknown  Unknown
libucp.so.0.0.0    000015289C0AAE9A  ucp_worker_progre     Unknown  Unknown
mca_pml_ucx.so     000015289C552397  mca_pml_ucx_progr     Unknown  Unknown
libopen-pal.so.40  00001528AA3E972B  opal_progress         Unknown  Unknown
libmpi.so.40.20.2  00001528AF6D12D5  ompi_request_defa     Unknown  Unknown
libmpi.so.40.20.2  00001528AF71413F  PMPI_Waitall          Unknown  Unknown
libmpi_mpifh.so    00001528AFA097ED  Unknown               Unknown  Unknown
fms_ACCESS-OM_730  0000000001BB4320  Unknown               Unknown  Unknown
fms_ACCESS-OM_730  0000000001BB32D9  Unknown               Unknown  Unknown
fms_ACCESS-OM_730  0000000001AC12B3  mod_oasis_advance        1130  mod_oasis_advance.F90
fms_ACCESS-OM_730  00000000019C2A58  mod_oasis_getput_         766  mod_oasis_getput_interface.F90
fms_ACCESS-OM_730  0000000000411D4C  mom_oasis3_interf         701  mom_oasis3_interface.F90
fms_ACCESS-OM_730  0000000000421943  MAIN__                    645  ocean_solo.F90
fms_ACCESS-OM_730  000000000040F822  Unknown               Unknown  Unknown
libc-2.28.so       00001528AED437E5  __libc_start_main     Unknown  Unknown
fms_ACCESS-OM_730  000000000040F72E  Unknown               Unknown  Unknown
forrtl: error (78): process killed (SIGTERM)
Image              PC                Routine            Line        Source             
fms_ACCESS-OM_730  0000000001D184C4  Unknown               Unknown  Unknown
libpthread-2.28.s  0000148D63649990  Unknown               Unknown  Unknown
libuct.so.0.0.0    0000148D50460380  Unknown               Unknown  Unknown
libucp.so.0.0.0    0000148D506C9E9A  ucp_worker_progre     Unknown  Unknown
mca_pml_ucx.so     0000148D50B71397  mca_pml_ucx_progr     Unknown  Unknown
libopen-pal.so.40  0000148D5E94072B  opal_progress         Unknown  Unknown
libmpi.so.40.20.2  0000148D63C282D5  ompi_request_defa     Unknown  Unknown
libmpi.so.40.20.2  0000148D63C6B13F  PMPI_Waitall          Unknown  Unknown
libmpi_mpifh.so    0000148D63F607ED  Unknown               Unknown  Unknown
fms_ACCESS-OM_730  0000000001BB4320  Unknown               Unknown  Unknown
fms_ACCESS-OM_730  0000000001BB32D9  Unknown               Unknown  Unknown
fms_ACCESS-OM_730  0000000001AC12B3  mod_oasis_advance        1130  mod_oasis_advance.F90
fms_ACCESS-OM_730  00000000019C2A58  mod_oasis_getput_         766  mod_oasis_getput_interface.F90
fms_ACCESS-OM_730  0000000000411D4C  mom_oasis3_interf         701  mom_oasis3_interface.F90
fms_ACCESS-OM_730  0000000000421943  MAIN__                    645  ocean_solo.F90
fms_ACCESS-OM_730  000000000040F822  Unknown               Unknown  Unknown
libc-2.28.so       0000148D6329A7E5  __libc_start_main     Unknown  Unknown
fms_ACCESS-OM_730  000000000040F72E  Unknown               Unknown  Unknown
forrtl: error (78): process killed (SIGTERM)
Image              PC                Routine            Line        Source             
fms_ACCESS-OM_730  0000000001D184C4  Unknown               Unknown  Unknown
libpthread-2.28.s  000014AD0DEC5990  Unknown               Unknown  Unknown
libuct_ib.so.0.0.  000014ACEDDFB692  Unknown               Unknown  Unknown
libucp.so.0.0.0    000014ACF02D8E9A  ucp_worker_progre     Unknown  Unknown
mca_pml_ucx.so     000014ACF0780397  mca_pml_ucx_progr     Unknown  Unknown
libopen-pal.so.40  000014AD091BC72B  opal_progress         Unknown  Unknown
libmpi.so.40.20.2  000014AD0E4A42D5  ompi_request_defa     Unknown  Unknown
libmpi.so.40.20.2  000014AD0E4E713F  PMPI_Waitall          Unknown  Unknown
libmpi_mpifh.so    000014AD0E7DC7ED  Unknown               Unknown  Unknown
fms_ACCESS-OM_730  0000000001BB4320  Unknown               Unknown  Unknown
fms_ACCESS-OM_730  0000000001BB32D9  Unknown               Unknown  Unknown
fms_ACCESS-OM_730  0000000001AC12B3  mod_oasis_advance        1130  mod_oasis_advance.F90
fms_ACCESS-OM_730  00000000019C2A58  mod_oasis_getput_         766  mod_oasis_getput_interface.F90
fms_ACCESS-OM_730  0000000000411D4C  mom_oasis3_interf         701  mom_oasis3_interface.F90
fms_ACCESS-OM_730  0000000000421943  MAIN__                    645  ocean_solo.F90
fms_ACCESS-OM_730  000000000040F822  Unknown               Unknown  Unknown
libc-2.28.so       000014AD0DB167E5  __libc_start_main     Unknown  Unknown
fms_ACCESS-OM_730  000000000040F72E  Unknown               Unknown  Unknown
forrtl: error (78): process killed (SIGTERM)
Image              PC                Routine            Line        Source             
fms_ACCESS-OM_730  0000000001D184C4  Unknown               Unknown  Unknown
libpthread-2.28.s  000014EBB1565990  Unknown               Unknown  Unknown
mca_pml_ucx.so     000014EB9D9AA399  mca_pml_ucx_progr     Unknown  Unknown
libopen-pal.so.40  000014EBAC85C72B  opal_progress         Unknown  Unknown
libmpi.so.40.20.2  000014EBB1B442D5  ompi_request_defa     Unknown  Unknown
libmpi.so.40.20.2  000014EBB1B8713F  PMPI_Waitall          Unknown  Unknown
libmpi_mpifh.so    000014EBB1E7C7ED  Unknown               Unknown  Unknown
fms_ACCESS-OM_730  0000000001BB4320  Unknown               Unknown  Unknown
fms_ACCESS-OM_730  0000000001BB32D9  Unknown               Unknown  Unknown
fms_ACCESS-OM_730  0000000001AC12B3  mod_oasis_advance        1130  mod_oasis_advance.F90
fms_ACCESS-OM_730  00000000019C2A58  mod_oasis_getput_         766  mod_oasis_getput_interface.F90
fms_ACCESS-OM_730  0000000000411D4C  mom_oasis3_interf         701  mom_oasis3_interface.F90
fms_ACCESS-OM_730  0000000000421943  MAIN__                    645  ocean_solo.F90
fms_ACCESS-OM_730  000000000040F822  Unknown               Unknown  Unknown
libc-2.28.so       000014EBB11B67E5  __libc_start_main     Unknown  Unknown
fms_ACCESS-OM_730  000000000040F72E  Unknown               Unknown  Unknown
forrtl: error (78): process killed (SIGTERM)
Image              PC                Routine            Line        Source             
fms_ACCESS-OM_730  0000000001D184C4  Unknown               Unknown  Unknown
libpthread-2.28.s  000014C7DF563990  Unknown               Unknown  Unknown
libopen-pal.so.40  000014C7DA85A708  opal_progress         Unknown  Unknown
libmpi.so.40.20.2  000014C7DFB422D5  ompi_request_defa     Unknown  Unknown
libmpi.so.40.20.2  000014C7DFB8513F  PMPI_Waitall          Unknown  Unknown
libmpi_mpifh.so    000014C7DFE7A7ED  Unknown               Unknown  Unknown
fms_ACCESS-OM_730  0000000001BB4320  Unknown               Unknown  Unknown
fms_ACCESS-OM_730  0000000001BB32D9  Unknown               Unknown  Unknown
fms_ACCESS-OM_730  0000000001AC12B3  mod_oasis_advance        1130  mod_oasis_advance.F90
fms_ACCESS-OM_730  00000000019C2A58  mod_oasis_getput_         766  mod_oasis_getput_interface.F90
fms_ACCESS-OM_730  0000000000411D4C  mom_oasis3_interf         701  mom_oasis3_interface.F90
fms_ACCESS-OM_730  0000000000421943  MAIN__                    645  ocean_solo.F90
fms_ACCESS-OM_730  000000000040F822  Unknown               Unknown  Unknown
libc-2.28.so       000014C7DF1B47E5  __libc_start_main     Unknown  Unknown
fms_ACCESS-OM_730  000000000040F72E  Unknown               Unknown  Unknown
forrtl: error (78): process killed (SIGTERM)
Image              PC                Routine            Line        Source             
fms_ACCESS-OM_730  0000000001D184C4  Unknown               Unknown  Unknown
libpthread-2.28.s  000014A3BD1F8990  Unknown               Unknown  Unknown
libuct_ib.so.0.0.  000014A39CFEAB88  Unknown               Unknown  Unknown
libucp.so.0.0.0    000014A3A91FDE9A  ucp_worker_progre     Unknown  Unknown
mca_pml_ucx.so     000014A3A96A5397  mca_pml_ucx_progr     Unknown  Unknown
libopen-pal.so.40  000014A3B84EF72B  opal_progress         Unknown  Unknown
libmpi.so.40.20.2  000014A3BD7D72D5  ompi_request_defa     Unknown  Unknown
libmpi.so.40.20.2  000014A3BD81A13F  PMPI_Waitall          Unknown  Unknown
libmpi_mpifh.so    000014A3BDB0F7ED  Unknown               Unknown  Unknown
fms_ACCESS-OM_730  0000000001BB4320  Unknown               Unknown  Unknown
fms_ACCESS-OM_730  0000000001BB32D9  Unknown               Unknown  Unknown
fms_ACCESS-OM_730  0000000001AC12B3  mod_oasis_advance        1130  mod_oasis_advance.F90
fms_ACCESS-OM_730  00000000019C2A58  mod_oasis_getput_         766  mod_oasis_getput_interface.F90
fms_ACCESS-OM_730  0000000000411D4C  mom_oasis3_interf         701  mom_oasis3_interface.F90
fms_ACCESS-OM_730  0000000000421943  MAIN__                    645  ocean_solo.F90
fms_ACCESS-OM_730  000000000040F822  Unknown               Unknown  Unknown
libc-2.28.so       000014A3BCE497E5  __libc_start_main     Unknown  Unknown
fms_ACCESS-OM_730  000000000040F72E  Unknown               Unknown  Unknown
forrtl: error (78): process killed (SIGTERM)
Image              PC                Routine            Line        Source             
fms_ACCESS-OM_730  0000000001D184C4  Unknown               Unknown  Unknown
libpthread-2.28.s  000015193366A990  Unknown               Unknown  Unknown
libopen-pal.so.40  000015192E9C4C33  Unknown               Unknown  Unknown
libopen-pal.so.40  000015192E9615F4  Unknown               Unknown  Unknown
libopen-pal.so.40  000015192E96177B  opal_progress         Unknown  Unknown
libmpi.so.40.20.2  0000151933C492D5  ompi_request_defa     Unknown  Unknown
libmpi.so.40.20.2  0000151933C8C13F  PMPI_Waitall          Unknown  Unknown
libmpi_mpifh.so    0000151933F817ED  Unknown               Unknown  Unknown
fms_ACCESS-OM_730  0000000001BB4320  Unknown               Unknown  Unknown
fms_ACCESS-OM_730  0000000001BB32D9  Unknown               Unknown  Unknown
fms_ACCESS-OM_730  0000000001AC12B3  mod_oasis_advance        1130  mod_oasis_advance.F90
fms_ACCESS-OM_730  00000000019C2A58  mod_oasis_getput_         766  mod_oasis_getput_interface.F90
fms_ACCESS-OM_730  0000000000411D4C  mom_oasis3_interf         701  mom_oasis3_interface.F90
fms_ACCESS-OM_730  0000000000421943  MAIN__                    645  ocean_solo.F90
fms_ACCESS-OM_730  000000000040F822  Unknown               Unknown  Unknown
libc-2.28.so       00001519332BB7E5  __libc_start_main     Unknown  Unknown
fms_ACCESS-OM_730  000000000040F72E  Unknown               Unknown  Unknown
forrtl: error (78): process killed (SIGTERM)
Image              PC                Routine            Line        Source             
fms_ACCESS-OM_730  0000000001D184C4  Unknown               Unknown  Unknown
libpthread-2.28.s  0000151C4D987990  Unknown               Unknown  Unknown
libuct_ib.so.0.0.  0000151C384BD661  Unknown               Unknown  Unknown
libucp.so.0.0.0    0000151C39A15E9A  ucp_worker_progre     Unknown  Unknown
mca_pml_ucx.so     0000151C39EBD397  mca_pml_ucx_progr     Unknown  Unknown
libopen-pal.so.40  0000151C48C7E72B  opal_progress         Unknown  Unknown
libmpi.so.40.20.2  0000151C4DF662D5  ompi_request_defa     Unknown  Unknown
libmpi.so.40.20.2  0000151C4DFA913F  PMPI_Waitall          Unknown  Unknown
libmpi_mpifh.so    0000151C4E29E7ED  Unknown               Unknown  Unknown
fms_ACCESS-OM_730  0000000001BB4320  Unknown               Unknown  Unknown
fms_ACCESS-OM_730  0000000001BB32D9  Unknown               Unknown  Unknown
fms_ACCESS-OM_730  0000000001AC12B3  mod_oasis_advance        1130  mod_oasis_advance.F90
fms_ACCESS-OM_730  00000000019C2A58  mod_oasis_getput_         766  mod_oasis_getput_interface.F90
fms_ACCESS-OM_730  0000000000411D4C  mom_oasis3_interf         701  mom_oasis3_interface.F90
fms_ACCESS-OM_730  0000000000421943  MAIN__                    645  ocean_solo.F90
fms_ACCESS-OM_730  000000000040F822  Unknown               Unknown  Unknown
libc-2.28.so       0000151C4D5D87E5  __libc_start_main     Unknown  Unknown
fms_ACCESS-OM_730  000000000040F72E  Unknown               Unknown  Unknown
forrtl: error (78): process killed (SIGTERM)
Image              PC                Routine            Line        Source             
cice_auscom_360x3  0000000000D21214  Unknown               Unknown  Unknown
libpthread-2.28.s  00001480F58EB990  Unknown               Unknown  Unknown
libuct_ib.so.0.0.  00001480E0846E74  Unknown               Unknown  Unknown
libucp.so.0.0.0    00001480E2D23E9A  ucp_worker_progre     Unknown  Unknown
mca_pml_ucx.so     00001480E35D4397  mca_pml_ucx_progr     Unknown  Unknown
libopen-pal.so.40  00001480F4B8172B  opal_progress         Unknown  Unknown
libmpi.so.40.20.2  00001480F6F642D5  ompi_request_defa     Unknown  Unknown
libmpi.so.40.20.2  00001480F6FA713F  PMPI_Waitall          Unknown  Unknown
libmpi_mpifh.so    00001480F5ECE7ED  Unknown               Unknown  Unknown
cice_auscom_360x3  0000000000BC7AE0  Unknown               Unknown  Unknown
cice_auscom_360x3  0000000000BC6A99  Unknown               Unknown  Unknown
cice_auscom_360x3  0000000000AD3F78  mod_oasis_advance        1099  mod_oasis_advance.F90
cice_auscom_360x3  00000000009D41C8  mod_oasis_getput_         665  mod_oasis_getput_interface.F90
cice_auscom_360x3  000000000046A1CF  cpl_interface_mp_         485  cpl_interface.f90
cice_auscom_360x3  0000000000415E4C  cice_runmod_mp_ci         138  CICE_RunMod.f90
cice_auscom_360x3  0000000000411292  MAIN__                     70  CICE.f90
cice_auscom_360x3  0000000000411222  Unknown               Unknown  Unknown
libc-2.28.so       00001480F53387E5  __libc_start_main     Unknown  Unknown
cice_auscom_360x3  000000000041112E  Unknown               Unknown  Unknown
forrtl: error (78): process killed (SIGTERM)
Image              PC                Routine            Line        Source             
fms_ACCESS-OM_730  0000000001D184C4  Unknown               Unknown  Unknown
libpthread-2.28.s  000014BCF925F990  Unknown               Unknown  Unknown
libucp.so.0.0.0    000014BCE51FDE52  ucp_worker_progre     Unknown  Unknown
mca_pml_ucx.so     000014BCE56A5397  mca_pml_ucx_progr     Unknown  Unknown
libopen-pal.so.40  000014BCF455672B  opal_progress         Unknown  Unknown
libmpi.so.40.20.2  000014BCF983E2D5  ompi_request_defa     Unknown  Unknown
libmpi.so.40.20.2  000014BCF988113F  PMPI_Waitall          Unknown  Unknown
libmpi_mpifh.so    000014BCF9B767ED  Unknown               Unknown  Unknown
fms_ACCESS-OM_730  0000000001BB4320  Unknown               Unknown  Unknown
fms_ACCESS-OM_730  0000000001BB32D9  Unknown               Unknown  Unknown
fms_ACCESS-OM_730  0000000001AC12B3  mod_oasis_advance        1130  mod_oasis_advance.F90
fms_ACCESS-OM_730  00000000019C2A58  mod_oasis_getput_         766  mod_oasis_getput_interface.F90
fms_ACCESS-OM_730  0000000000411D4C  mom_oasis3_interf         701  mom_oasis3_interface.F90
fms_ACCESS-OM_730  0000000000421943  MAIN__                    645  ocean_solo.F90
fms_ACCESS-OM_730  000000000040F822  Unknown               Unknown  Unknown
libc-2.28.so       000014BCF8EB07E5  __libc_start_main     Unknown  Unknown
fms_ACCESS-OM_730  000000000040F72E  Unknown               Unknown  Unknown
forrtl: error (78): process killed (SIGTERM)
Image              PC                Routine            Line        Source             
fms_ACCESS-OM_730  0000000001D184C4  Unknown               Unknown  Unknown
libpthread-2.28.s  00001530668A2990  Unknown               Unknown  Unknown
libopen-pal.so.40  0000153061B99712  opal_progress         Unknown  Unknown
libmpi.so.40.20.2  0000153066E812D5  ompi_request_defa     Unknown  Unknown
libmpi.so.40.20.2  0000153066EC413F  PMPI_Waitall          Unknown  Unknown
libmpi_mpifh.so    00001530671B97ED  Unknown               Unknown  Unknown
fms_ACCESS-OM_730  0000000001BB4320  Unknown               Unknown  Unknown
fms_ACCESS-OM_730  0000000001BB32D9  Unknown               Unknown  Unknown
fms_ACCESS-OM_730  0000000001AC12B3  mod_oasis_advance        1130  mod_oasis_advance.F90
fms_ACCESS-OM_730  00000000019C2A58  mod_oasis_getput_         766  mod_oasis_getput_interface.F90
fms_ACCESS-OM_730  0000000000411D4C  mom_oasis3_interf         701  mom_oasis3_interface.F90
fms_ACCESS-OM_730  0000000000421943  MAIN__                    645  ocean_solo.F90
fms_ACCESS-OM_730  000000000040F822  Unknown               Unknown  Unknown
libc-2.28.so       00001530664F37E5  __libc_start_main     Unknown  Unknown
fms_ACCESS-OM_730  000000000040F72E  Unknown               Unknown  Unknown
forrtl: error (78): process killed (SIGTERM)
Image              PC                Routine            Line        Source             
fms_ACCESS-OM_730  0000000001D184C4  Unknown               Unknown  Unknown
libpthread-2.28.s  000014AFD75A3990  Unknown               Unknown  Unknown
libuct.so.0.0.0    000014AFC435F23A  Unknown               Unknown  Unknown
libucp.so.0.0.0    000014AFC45C8E9A  ucp_worker_progre     Unknown  Unknown
mca_pml_ucx.so     000014AFC4A70397  mca_pml_ucx_progr     Unknown  Unknown
libopen-pal.so.40  000014AFD289A72B  opal_progress         Unknown  Unknown
libmpi.so.40.20.2  000014AFD7B822D5  ompi_request_defa     Unknown  Unknown
libmpi.so.40.20.2  000014AFD7BC513F  PMPI_Waitall          Unknown  Unknown
libmpi_mpifh.so    000014AFD7EBA7ED  Unknown               Unknown  Unknown
fms_ACCESS-OM_730  0000000001BB4320  Unknown               Unknown  Unknown
fms_ACCESS-OM_730  0000000001BB32D9  Unknown               Unknown  Unknown
fms_ACCESS-OM_730  0000000001AC12B3  mod_oasis_advance        1130  mod_oasis_advance.F90
fms_ACCESS-OM_730  00000000019C2A58  mod_oasis_getput_         766  mod_oasis_getput_interface.F90
fms_ACCESS-OM_730  0000000000411D4C  mom_oasis3_interf         701  mom_oasis3_interface.F90
fms_ACCESS-OM_730  0000000000421943  MAIN__                    645  ocean_solo.F90
fms_ACCESS-OM_730  000000000040F822  Unknown               Unknown  Unknown
libc-2.28.so       000014AFD71F47E5  __libc_start_main     Unknown  Unknown
fms_ACCESS-OM_730  000000000040F72E  Unknown               Unknown  Unknown
forrtl: error (78): process killed (SIGTERM)
Image              PC                Routine            Line        Source             
fms_ACCESS-OM_730  0000000001D184C4  Unknown               Unknown  Unknown
libpthread-2.28.s  00001517BD82A990  Unknown               Unknown  Unknown
libuct_ib.so.0.0.  00001517A82B9650  Unknown               Unknown  Unknown
libucp.so.0.0.0    00001517A9811E9A  ucp_worker_progre     Unknown  Unknown
mca_pml_ucx.so     00001517A9CB9397  mca_pml_ucx_progr     Unknown  Unknown
libopen-pal.so.40  00001517B8B2172B  opal_progress         Unknown  Unknown
libmpi.so.40.20.2  00001517BDE092D5  ompi_request_defa     Unknown  Unknown
libmpi.so.40.20.2  00001517BDE4C13F  PMPI_Waitall          Unknown  Unknown
libmpi_mpifh.so    00001517BE1417ED  Unknown               Unknown  Unknown
fms_ACCESS-OM_730  0000000001BB4320  Unknown               Unknown  Unknown
fms_ACCESS-OM_730  0000000001BB32D9  Unknown               Unknown  Unknown
fms_ACCESS-OM_730  0000000001AC12B3  mod_oasis_advance        1130  mod_oasis_advance.F90
fms_ACCESS-OM_730  00000000019C2A58  mod_oasis_getput_         766  mod_oasis_getput_interface.F90
fms_ACCESS-OM_730  0000000000411D4C  mom_oasis3_interf         701  mom_oasis3_interface.F90
fms_ACCESS-OM_730  0000000000421943  MAIN__                    645  ocean_solo.F90
fms_ACCESS-OM_730  000000000040F822  Unknown               Unknown  Unknown
libc-2.28.so       00001517BD47B7E5  __libc_start_main     Unknown  Unknown
fms_ACCESS-OM_730  000000000040F72E  Unknown               Unknown  Unknown
forrtl: error (78): process killed (SIGTERM)
Image              PC                Routine            Line        Source             
fms_ACCESS-OM_730  0000000001D184C4  Unknown               Unknown  Unknown
libpthread-2.28.s  000015490240B990  Unknown               Unknown  Unknown
libucp.so.0.0.0    00001548E46FBE9A  ucp_worker_progre     Unknown  Unknown
mca_pml_ucx.so     00001548E4BA3397  mca_pml_ucx_progr     Unknown  Unknown
libopen-pal.so.40  00001548FD70272B  opal_progress         Unknown  Unknown
libmpi.so.40.20.2  00001549029EA2D5  ompi_request_defa     Unknown  Unknown
libmpi.so.40.20.2  0000154902A2D13F  PMPI_Waitall          Unknown  Unknown
libmpi_mpifh.so    0000154902D227ED  Unknown               Unknown  Unknown
fms_ACCESS-OM_730  0000000001BB4320  Unknown               Unknown  Unknown
fms_ACCESS-OM_730  0000000001BB32D9  Unknown               Unknown  Unknown
fms_ACCESS-OM_730  0000000001AC12B3  mod_oasis_advance        1130  mod_oasis_advance.F90
fms_ACCESS-OM_730  00000000019C2A58  mod_oasis_getput_         766  mod_oasis_getput_interface.F90
fms_ACCESS-OM_730  0000000000411D4C  mom_oasis3_interf         701  mom_oasis3_interface.F90
fms_ACCESS-OM_730  0000000000421943  MAIN__                    645  ocean_solo.F90
fms_ACCESS-OM_730  000000000040F822  Unknown               Unknown  Unknown
libc-2.28.so       000015490205C7E5  __libc_start_main     Unknown  Unknown
fms_ACCESS-OM_730  000000000040F72E  Unknown               Unknown  Unknown
forrtl: error (78): process killed (SIGTERM)
Image              PC                Routine            Line        Source             
fms_ACCESS-OM_730  0000000001D184C4  Unknown               Unknown  Unknown
libpthread-2.28.s  0000150A4D10D990  Unknown               Unknown  Unknown
libuct.so.0.0.0    0000150A38E9023A  Unknown               Unknown  Unknown
libucp.so.0.0.0    0000150A390F9E9A  ucp_worker_progre     Unknown  Unknown
mca_pml_ucx.so     0000150A395A1397  mca_pml_ucx_progr     Unknown  Unknown
libopen-pal.so.40  0000150A4840472B  opal_progress         Unknown  Unknown
libmpi.so.40.20.2  0000150A4D6EC2D5  ompi_request_defa     Unknown  Unknown
libmpi.so.40.20.2  0000150A4D72F13F  PMPI_Waitall          Unknown  Unknown
libmpi_mpifh.so    0000150A4DA247ED  Unknown               Unknown  Unknown
fms_ACCESS-OM_730  0000000001BB4320  Unknown               Unknown  Unknown
fms_ACCESS-OM_730  0000000001BB32D9  Unknown               Unknown  Unknown
fms_ACCESS-OM_730  0000000001AC12B3  mod_oasis_advance        1130  mod_oasis_advance.F90
fms_ACCESS-OM_730  00000000019C2A58  mod_oasis_getput_         766  mod_oasis_getput_interface.F90
fms_ACCESS-OM_730  0000000000411D4C  mom_oasis3_interf         701  mom_oasis3_interface.F90
fms_ACCESS-OM_730  0000000000421943  MAIN__                    645  ocean_solo.F90
fms_ACCESS-OM_730  000000000040F822  Unknown               Unknown  Unknown
libc-2.28.so       0000150A4CD5E7E5  __libc_start_main     Unknown  Unknown
fms_ACCESS-OM_730  000000000040F72E  Unknown               Unknown  Unknown
forrtl: error (78): process killed (SIGTERM)
Image              PC                Routine            Line        Source             
fms_ACCESS-OM_730  0000000001D184C4  Unknown               Unknown  Unknown
libpthread-2.28.s  000014F3EA8C1990  Unknown               Unknown  Unknown
libuct_ib.so.0.0.  000014F3CA626680  Unknown               Unknown  Unknown
libucp.so.0.0.0    000014F3CCB03E9A  ucp_worker_progre     Unknown  Unknown
mca_pml_ucx.so     000014F3CCFAB397  mca_pml_ucx_progr     Unknown  Unknown
libopen-pal.so.40  000014F3E5BB872B  opal_progress         Unknown  Unknown
libmpi.so.40.20.2  000014F3EAEA02D5  ompi_request_defa     Unknown  Unknown
libmpi.so.40.20.2  000014F3EAEE313F  PMPI_Waitall          Unknown  Unknown
libmpi_mpifh.so    000014F3EB1D87ED  Unknown               Unknown  Unknown
fms_ACCESS-OM_730  0000000001BB4320  Unknown               Unknown  Unknown
fms_ACCESS-OM_730  0000000001BB32D9  Unknown               Unknown  Unknown
fms_ACCESS-OM_730  0000000001AC12B3  mod_oasis_advance        1130  mod_oasis_advance.F90
fms_ACCESS-OM_730  00000000019C2A58  mod_oasis_getput_         766  mod_oasis_getput_interface.F90
fms_ACCESS-OM_730  0000000000411D4C  mom_oasis3_interf         701  mom_oasis3_interface.F90
fms_ACCESS-OM_730  0000000000421943  MAIN__                    645  ocean_solo.F90
fms_ACCESS-OM_730  000000000040F822  Unknown               Unknown  Unknown
libc-2.28.so       000014F3EA5127E5  __libc_start_main     Unknown  Unknown
fms_ACCESS-OM_730  000000000040F72E  Unknown               Unknown  Unknown
forrtl: error (78): process killed (SIGTERM)
Image              PC                Routine            Line        Source             
fms_ACCESS-OM_730  0000000001D184C4  Unknown               Unknown  Unknown
libpthread-2.28.s  0000150443156990  Unknown               Unknown  Unknown
libuct.so.0.0.0    000015042518C386  Unknown               Unknown  Unknown
libucp.so.0.0.0    00001504301AFE9A  ucp_worker_progre     Unknown  Unknown
mca_pml_ucx.so     0000150430657397  mca_pml_ucx_progr     Unknown  Unknown
libopen-pal.so.40  000015043E44D72B  opal_progress         Unknown  Unknown
libmpi.so.40.20.2  00001504437352D5  ompi_request_defa     Unknown  Unknown
libmpi.so.40.20.2  000015044377813F  PMPI_Waitall          Unknown  Unknown
libmpi_mpifh.so    0000150443A6D7ED  Unknown               Unknown  Unknown
fms_ACCESS-OM_730  0000000001BB4320  Unknown               Unknown  Unknown
fms_ACCESS-OM_730  0000000001BB32D9  Unknown               Unknown  Unknown
fms_ACCESS-OM_730  0000000001AC12B3  mod_oasis_advance        1130  mod_oasis_advance.F90
fms_ACCESS-OM_730  00000000019C2A58  mod_oasis_getput_         766  mod_oasis_getput_interface.F90
fms_ACCESS-OM_730  0000000000411D4C  mom_oasis3_interf         701  mom_oasis3_interface.F90
fms_ACCESS-OM_730  0000000000421943  MAIN__                    645  ocean_solo.F90
fms_ACCESS-OM_730  000000000040F822  Unknown               Unknown  Unknown
libc-2.28.so       0000150442DA77E5  __libc_start_main     Unknown  Unknown
fms_ACCESS-OM_730  000000000040F72E  Unknown               Unknown  Unknown
forrtl: error (78): process killed (SIGTERM)
Image              PC                Routine            Line        Source             
fms_ACCESS-OM_730  0000000001D184C4  Unknown               Unknown  Unknown
libpthread-2.28.s  0000147A2DF8D990  Unknown               Unknown  Unknown
libuct_ib.so.0.0.  0000147A0DDFBB80  Unknown               Unknown  Unknown
libucp.so.0.0.0    0000147A102D8E9A  ucp_worker_progre     Unknown  Unknown
mca_pml_ucx.so     0000147A10780397  mca_pml_ucx_progr     Unknown  Unknown
libopen-pal.so.40  0000147A2928472B  opal_progress         Unknown  Unknown
libmpi.so.40.20.2  0000147A2E56C2D5  ompi_request_defa     Unknown  Unknown
libmpi.so.40.20.2  0000147A2E5AF13F  PMPI_Waitall          Unknown  Unknown
libmpi_mpifh.so    0000147A2E8A47ED  Unknown               Unknown  Unknown
fms_ACCESS-OM_730  0000000001BB4320  Unknown               Unknown  Unknown
fms_ACCESS-OM_730  0000000001BB32D9  Unknown               Unknown  Unknown
fms_ACCESS-OM_730  0000000001AC12B3  mod_oasis_advance        1130  mod_oasis_advance.F90
fms_ACCESS-OM_730  00000000019C2A58  mod_oasis_getput_         766  mod_oasis_getput_interface.F90
fms_ACCESS-OM_730  0000000000411D4C  mom_oasis3_interf         701  mom_oasis3_interface.F90
fms_ACCESS-OM_730  0000000000421943  MAIN__                    645  ocean_solo.F90
fms_ACCESS-OM_730  000000000040F822  Unknown               Unknown  Unknown
libc-2.28.so       0000147A2DBDE7E5  __libc_start_main     Unknown  Unknown
fms_ACCESS-OM_730  000000000040F72E  Unknown               Unknown  Unknown
forrtl: error (78): process killed (SIGTERM)
Image              PC                Routine            Line        Source             
fms_ACCESS-OM_730  0000000001D184C4  Unknown               Unknown  Unknown
libpthread-2.28.s  0000154273196990  Unknown               Unknown  Unknown
libuct.so.0.0.0    000015425518C23A  Unknown               Unknown  Unknown
libucp.so.0.0.0    00001542601AFE9A  ucp_worker_progre     Unknown  Unknown
mca_pml_ucx.so     0000154260657397  mca_pml_ucx_progr     Unknown  Unknown
libopen-pal.so.40  000015426E48D72B  opal_progress         Unknown  Unknown
libmpi.so.40.20.2  00001542737752D5  ompi_request_defa     Unknown  Unknown
libmpi.so.40.20.2  00001542737B813F  PMPI_Waitall          Unknown  Unknown
libmpi_mpifh.so    0000154273AAD7ED  Unknown               Unknown  Unknown
fms_ACCESS-OM_730  0000000001BB4320  Unknown               Unknown  Unknown
fms_ACCESS-OM_730  0000000001BB32D9  Unknown               Unknown  Unknown
fms_ACCESS-OM_730  0000000001AC12B3  mod_oasis_advance        1130  mod_oasis_advance.F90
fms_ACCESS-OM_730  00000000019C2A58  mod_oasis_getput_         766  mod_oasis_getput_interface.F90
fms_ACCESS-OM_730  0000000000411D4C  mom_oasis3_interf         701  mom_oasis3_interface.F90
fms_ACCESS-OM_730  0000000000421943  MAIN__                    645  ocean_solo.F90
fms_ACCESS-OM_730  000000000040F822  Unknown               Unknown  Unknown
libc-2.28.so       0000154272DE77E5  __libc_start_main     Unknown  Unknown
fms_ACCESS-OM_730  000000000040F72E  Unknown               Unknown  Unknown
forrtl: error (78): process killed (SIGTERM)
Image              PC                Routine            Line        Source             
fms_ACCESS-OM_730  0000000001D184C4  Unknown               Unknown  Unknown
libpthread-2.28.s  00001515E9F95990  Unknown               Unknown  Unknown
libuct.so.0.0.0    00001515CC06F242  Unknown               Unknown  Unknown
libucp.so.0.0.0    00001515CC2D8E9A  ucp_worker_progre     Unknown  Unknown
mca_pml_ucx.so     00001515CC780397  mca_pml_ucx_progr     Unknown  Unknown
libopen-pal.so.40  00001515E528C72B  opal_progress         Unknown  Unknown
libmpi.so.40.20.2  00001515EA5742D5  ompi_request_defa     Unknown  Unknown
libmpi.so.40.20.2  00001515EA5B713F  PMPI_Waitall          Unknown  Unknown
libmpi_mpifh.so    00001515EA8AC7ED  Unknown               Unknown  Unknown
fms_ACCESS-OM_730  0000000001BB4320  Unknown               Unknown  Unknown
fms_ACCESS-OM_730  0000000001BB32D9  Unknown               Unknown  Unknown
fms_ACCESS-OM_730  0000000001AC12B3  mod_oasis_advance        1130  mod_oasis_advance.F90
fms_ACCESS-OM_730  00000000019C2A58  mod_oasis_getput_         766  mod_oasis_getput_interface.F90
fms_ACCESS-OM_730  0000000000411D4C  mom_oasis3_interf         701  mom_oasis3_interface.F90
fms_ACCESS-OM_730  0000000000421943  MAIN__                    645  ocean_solo.F90
fms_ACCESS-OM_730  000000000040F822  Unknown               Unknown  Unknown
libc-2.28.so       00001515E9BE67E5  __libc_start_main     Unknown  Unknown
fms_ACCESS-OM_730  000000000040F72E  Unknown               Unknown  Unknown
forrtl: error (78): process killed (SIGTERM)
Image              PC                Routine            Line        Source             
fms_ACCESS-OM_730  0000000001D184C4  Unknown               Unknown  Unknown
libpthread-2.28.s  000014D2D94F3990  Unknown               Unknown  Unknown
libuct.so.0.0.0    000014D2C5299242  Unknown               Unknown  Unknown
libucp.so.0.0.0    000014D2C5502E9A  ucp_worker_progre     Unknown  Unknown
mca_pml_ucx.so     000014D2C59AA397  mca_pml_ucx_progr     Unknown  Unknown
libopen-pal.so.40  000014D2D47EA72B  opal_progress         Unknown  Unknown
libmpi.so.40.20.2  000014D2D9AD22D5  ompi_request_defa     Unknown  Unknown
libmpi.so.40.20.2  000014D2D9B1513F  PMPI_Waitall          Unknown  Unknown
libmpi_mpifh.so    000014D2D9E0A7ED  Unknown               Unknown  Unknown
fms_ACCESS-OM_730  0000000001BB4320  Unknown               Unknown  Unknown
fms_ACCESS-OM_730  0000000001BB32D9  Unknown               Unknown  Unknown
fms_ACCESS-OM_730  0000000001AC12B3  mod_oasis_advance        1130  mod_oasis_advance.F90
fms_ACCESS-OM_730  00000000019C2A58  mod_oasis_getput_         766  mod_oasis_getput_interface.F90
fms_ACCESS-OM_730  0000000000411D4C  mom_oasis3_interf         701  mom_oasis3_interface.F90
fms_ACCESS-OM_730  0000000000421943  MAIN__                    645  ocean_solo.F90
fms_ACCESS-OM_730  000000000040F822  Unknown               Unknown  Unknown
libc-2.28.so       000014D2D91447E5  __libc_start_main     Unknown  Unknown
fms_ACCESS-OM_730  000000000040F72E  Unknown               Unknown  Unknown
forrtl: error (78): process killed (SIGTERM)
Image              PC                Routine            Line        Source             
fms_ACCESS-OM_730  0000000001D184C4  Unknown               Unknown  Unknown
libpthread-2.28.s  000014FBE7B9B990  Unknown               Unknown  Unknown
libuct.so.0.0.0    000014FBC9CA9341  Unknown               Unknown  Unknown
libucp.so.0.0.0    000014FBC9F12E9A  ucp_worker_progre     Unknown  Unknown
mca_pml_ucx.so     000014FBD4084397  mca_pml_ucx_progr     Unknown  Unknown
libopen-pal.so.40  000014FBE2E9272B  opal_progress         Unknown  Unknown
libmpi.so.40.20.2  000014FBE817A2D5  ompi_request_defa     Unknown  Unknown
libmpi.so.40.20.2  000014FBE81BD13F  PMPI_Waitall          Unknown  Unknown
libmpi_mpifh.so    000014FBE84B27ED  Unknown               Unknown  Unknown
fms_ACCESS-OM_730  0000000001BB4320  Unknown               Unknown  Unknown
fms_ACCESS-OM_730  0000000001BB32D9  Unknown               Unknown  Unknown
fms_ACCESS-OM_730  0000000001AC12B3  mod_oasis_advance        1130  mod_oasis_advance.F90
fms_ACCESS-OM_730  00000000019C2A58  mod_oasis_getput_         766  mod_oasis_getput_interface.F90
fms_ACCESS-OM_730  0000000000411D4C  mom_oasis3_interf         701  mom_oasis3_interface.F90
fms_ACCESS-OM_730  0000000000421943  MAIN__                    645  ocean_solo.F90
fms_ACCESS-OM_730  000000000040F822  Unknown               Unknown  Unknown
libc-2.28.so       000014FBE77EC7E5  __libc_start_main     Unknown  Unknown
fms_ACCESS-OM_730  000000000040F72E  Unknown               Unknown  Unknown
forrtl: error (78): process killed (SIGTERM)
Image              PC                Routine            Line        Source             
fms_ACCESS-OM_730  0000000001D184C4  Unknown               Unknown  Unknown
libpthread-2.28.s  000014D5C576F990  Unknown               Unknown  Unknown
libuct.so.0.0.0    000014D5B14A3380  Unknown               Unknown  Unknown
libucp.so.0.0.0    000014D5B170CE9A  ucp_worker_progre     Unknown  Unknown
mca_pml_ucx.so     000014D5B1BB4397  mca_pml_ucx_progr     Unknown  Unknown
libopen-pal.so.40  000014D5C0A6672B  opal_progress         Unknown  Unknown
libmpi.so.40.20.2  000014D5C5D4E2D5  ompi_request_defa     Unknown  Unknown
libmpi.so.40.20.2  000014D5C5D9113F  PMPI_Waitall          Unknown  Unknown
libmpi_mpifh.so    000014D5C60867ED  Unknown               Unknown  Unknown
fms_ACCESS-OM_730  0000000001BB4320  Unknown               Unknown  Unknown
fms_ACCESS-OM_730  0000000001BB32D9  Unknown               Unknown  Unknown
fms_ACCESS-OM_730  0000000001AC12B3  mod_oasis_advance        1130  mod_oasis_advance.F90
fms_ACCESS-OM_730  00000000019C2A58  mod_oasis_getput_         766  mod_oasis_getput_interface.F90
fms_ACCESS-OM_730  0000000000411D4C  mom_oasis3_interf         701  mom_oasis3_interface.F90
fms_ACCESS-OM_730  0000000000421943  MAIN__                    645  ocean_solo.F90
fms_ACCESS-OM_730  000000000040F822  Unknown               Unknown  Unknown
libc-2.28.so       000014D5C53C07E5  __libc_start_main     Unknown  Unknown
fms_ACCESS-OM_730  000000000040F72E  Unknown               Unknown  Unknown
forrtl: error (78): process killed (SIGTERM)
Image              PC                Routine            Line        Source             
fms_ACCESS-OM_730  0000000001D184C4  Unknown               Unknown  Unknown
libpthread-2.28.s  0000145929656990  Unknown               Unknown  Unknown
libuct.so.0.0.0    00001459153A223A  Unknown               Unknown  Unknown
libucp.so.0.0.0    000014591560BE9A  ucp_worker_progre     Unknown  Unknown
mca_pml_ucx.so     0000145915AB3397  mca_pml_ucx_progr     Unknown  Unknown
libopen-pal.so.40  000014592494D72B  opal_progress         Unknown  Unknown
libmpi.so.40.20.2  0000145929C352D5  ompi_request_defa     Unknown  Unknown
libmpi.so.40.20.2  0000145929C7813F  PMPI_Waitall          Unknown  Unknown
libmpi_mpifh.so    0000145929F6D7ED  Unknown               Unknown  Unknown
fms_ACCESS-OM_730  0000000001BB4320  Unknown               Unknown  Unknown
fms_ACCESS-OM_730  0000000001BB32D9  Unknown               Unknown  Unknown
fms_ACCESS-OM_730  0000000001AC12B3  mod_oasis_advance        1130  mod_oasis_advance.F90
fms_ACCESS-OM_730  00000000019C2A58  mod_oasis_getput_         766  mod_oasis_getput_interface.F90
fms_ACCESS-OM_730  0000000000411D4C  mom_oasis3_interf         701  mom_oasis3_interface.F90
fms_ACCESS-OM_730  0000000000421943  MAIN__                    645  ocean_solo.F90
fms_ACCESS-OM_730  000000000040F822  Unknown               Unknown  Unknown
libc-2.28.so       00001459292A77E5  __libc_start_main     Unknown  Unknown
fms_ACCESS-OM_730  000000000040F72E  Unknown               Unknown  Unknown
forrtl: error (78): process killed (SIGTERM)
Image              PC                Routine            Line        Source             
fms_ACCESS-OM_730  0000000001D184C4  Unknown               Unknown  Unknown
libpthread-2.28.s  000014E73CF74990  Unknown               Unknown  Unknown
mca_pml_ucx.so     000014E7294A0380  mca_pml_ucx_progr     Unknown  Unknown
libopen-pal.so.40  000014E73826B72B  opal_progress         Unknown  Unknown
libmpi.so.40.20.2  000014E73D5532D5  ompi_request_defa     Unknown  Unknown
libmpi.so.40.20.2  000014E73D59613F  PMPI_Waitall          Unknown  Unknown
libmpi_mpifh.so    000014E73D88B7ED  Unknown               Unknown  Unknown
fms_ACCESS-OM_730  0000000001BB4320  Unknown               Unknown  Unknown
fms_ACCESS-OM_730  0000000001BB32D9  Unknown               Unknown  Unknown
fms_ACCESS-OM_730  0000000001AC12B3  mod_oasis_advance        1130  mod_oasis_advance.F90
fms_ACCESS-OM_730  00000000019C2A58  mod_oasis_getput_         766  mod_oasis_getput_interface.F90
fms_ACCESS-OM_730  0000000000411D4C  mom_oasis3_interf         701  mom_oasis3_interface.F90
fms_ACCESS-OM_730  0000000000421943  MAIN__                    645  ocean_solo.F90
fms_ACCESS-OM_730  000000000040F822  Unknown               Unknown  Unknown
libc-2.28.so       000014E73CBC57E5  __libc_start_main     Unknown  Unknown
fms_ACCESS-OM_730  000000000040F72E  Unknown               Unknown  Unknown
forrtl: error (78): process killed (SIGTERM)
Image              PC                Routine            Line        Source             
fms_ACCESS-OM_730  0000000001D184C4  Unknown               Unknown  Unknown
libpthread-2.28.s  000014E8AA7A5990  Unknown               Unknown  Unknown
mca_coll_libnbc.s  000014E883BDD01B  ompi_coll_libnbc_     Unknown  Unknown
libopen-pal.so.40  000014E8A5A9C72B  opal_progress         Unknown  Unknown
libmpi.so.40.20.2  000014E8AAD842D5  ompi_request_defa     Unknown  Unknown
libmpi.so.40.20.2  000014E8AADC713F  PMPI_Waitall          Unknown  Unknown
libmpi_mpifh.so    000014E8AB0BC7ED  Unknown               Unknown  Unknown
fms_ACCESS-OM_730  0000000001BB4320  Unknown               Unknown  Unknown
fms_ACCESS-OM_730  0000000001BB32D9  Unknown               Unknown  Unknown
fms_ACCESS-OM_730  0000000001AC12B3  mod_oasis_advance        1130  mod_oasis_advance.F90
fms_ACCESS-OM_730  00000000019C2A58  mod_oasis_getput_         766  mod_oasis_getput_interface.F90
fms_ACCESS-OM_730  0000000000411D4C  mom_oasis3_interf         701  mom_oasis3_interface.F90
fms_ACCESS-OM_730  0000000000421943  MAIN__                    645  ocean_solo.F90
fms_ACCESS-OM_730  000000000040F822  Unknown               Unknown  Unknown
libc-2.28.so       000014E8AA3F67E5  __libc_start_main     Unknown  Unknown
fms_ACCESS-OM_730  000000000040F72E  Unknown               Unknown  Unknown
forrtl: error (78): process killed (SIGTERM)
Image              PC                Routine            Line        Source             
fms_ACCESS-OM_730  0000000001D184C4  Unknown               Unknown  Unknown
libpthread-2.28.s  000014FBCC445990  Unknown               Unknown  Unknown
libucp.so.0.0.0    000014FBB83EEEBC  ucp_worker_progre     Unknown  Unknown
mca_pml_ucx.so     000014FBB8896397  mca_pml_ucx_progr     Unknown  Unknown
libopen-pal.so.40  000014FBC773C72B  opal_progress         Unknown  Unknown
libmpi.so.40.20.2  000014FBCCA242D5  ompi_request_defa     Unknown  Unknown
libmpi.so.40.20.2  000014FBCCA6713F  PMPI_Waitall          Unknown  Unknown
libmpi_mpifh.so    000014FBCCD5C7ED  Unknown               Unknown  Unknown
fms_ACCESS-OM_730  0000000001BB4320  Unknown               Unknown  Unknown
fms_ACCESS-OM_730  0000000001BB32D9  Unknown               Unknown  Unknown
fms_ACCESS-OM_730  0000000001AC12B3  mod_oasis_advance        1130  mod_oasis_advance.F90
fms_ACCESS-OM_730  00000000019C2A58  mod_oasis_getput_         766  mod_oasis_getput_interface.F90
fms_ACCESS-OM_730  0000000000411D4C  mom_oasis3_interf         701  mom_oasis3_interface.F90
fms_ACCESS-OM_730  0000000000421943  MAIN__                    645  ocean_solo.F90
fms_ACCESS-OM_730  000000000040F822  Unknown               Unknown  Unknown
libc-2.28.so       000014FBCC0967E5  __libc_start_main     Unknown  Unknown
fms_ACCESS-OM_730  000000000040F72E  Unknown               Unknown  Unknown
forrtl: error (78): process killed (SIGTERM)
Image              PC                Routine            Line        Source             
fms_ACCESS-OM_730  0000000001D184C4  Unknown               Unknown  Unknown
libpthread-2.28.s  00001535843D4990  Unknown               Unknown  Unknown
libopen-pal.so.40  000015357F72EC35  Unknown               Unknown  Unknown
libopen-pal.so.40  000015357F6CB5F4  Unknown               Unknown  Unknown
libopen-pal.so.40  000015357F6CB77B  opal_progress         Unknown  Unknown
libmpi.so.40.20.2  00001535849B32D5  ompi_request_defa     Unknown  Unknown
libmpi.so.40.20.2  00001535849F613F  PMPI_Waitall          Unknown  Unknown
libmpi_mpifh.so    0000153584CEB7ED  Unknown               Unknown  Unknown
fms_ACCESS-OM_730  0000000001BB4320  Unknown               Unknown  Unknown
fms_ACCESS-OM_730  0000000001BB32D9  Unknown               Unknown  Unknown
fms_ACCESS-OM_730  0000000001AC12B3  mod_oasis_advance        1130  mod_oasis_advance.F90
fms_ACCESS-OM_730  00000000019C2A58  mod_oasis_getput_         766  mod_oasis_getput_interface.F90
fms_ACCESS-OM_730  0000000000411D4C  mom_oasis3_interf         701  mom_oasis3_interface.F90
fms_ACCESS-OM_730  0000000000421943  MAIN__                    645  ocean_solo.F90
fms_ACCESS-OM_730  000000000040F822  Unknown               Unknown  Unknown
libc-2.28.so       00001535840257E5  __libc_start_main     Unknown  Unknown
fms_ACCESS-OM_730  000000000040F72E  Unknown               Unknown  Unknown
forrtl: error (78): process killed (SIGTERM)
Image              PC                Routine            Line        Source             
fms_ACCESS-OM_730  0000000001D184C4  Unknown               Unknown  Unknown
libpthread-2.28.s  0000152790246990  Unknown               Unknown  Unknown
libopen-pal.so.40  000015278B53D723  opal_progress         Unknown  Unknown
libmpi.so.40.20.2  00001527908252D5  ompi_request_defa     Unknown  Unknown
libmpi.so.40.20.2  000015279086813F  PMPI_Waitall          Unknown  Unknown
libmpi_mpifh.so    0000152790B5D7ED  Unknown               Unknown  Unknown
fms_ACCESS-OM_730  0000000001BB4320  Unknown               Unknown  Unknown
fms_ACCESS-OM_730  0000000001BB32D9  Unknown               Unknown  Unknown
fms_ACCESS-OM_730  0000000001AC12B3  mod_oasis_advance        1130  mod_oasis_advance.F90
fms_ACCESS-OM_730  00000000019C2A58  mod_oasis_getput_         766  mod_oasis_getput_interface.F90
fms_ACCESS-OM_730  0000000000411D4C  mom_oasis3_interf         701  mom_oasis3_interface.F90
fms_ACCESS-OM_730  0000000000421943  MAIN__                    645  ocean_solo.F90
fms_ACCESS-OM_730  000000000040F822  Unknown               Unknown  Unknown
libc-2.28.so       000015278FE977E5  __libc_start_main     Unknown  Unknown
fms_ACCESS-OM_730  000000000040F72E  Unknown               Unknown  Unknown
forrtl: error (78): process killed (SIGTERM)
Image              PC                Routine            Line        Source             
fms_ACCESS-OM_730  0000000001D184C4  Unknown               Unknown  Unknown
libpthread-2.28.s  00001547EEC01990  Unknown               Unknown  Unknown
mca_pml_ucx.so     00001547DC13B392  mca_pml_ucx_progr     Unknown  Unknown
libopen-pal.so.40  00001547E9EF872B  opal_progress         Unknown  Unknown
libmpi.so.40.20.2  00001547EF1E02D5  ompi_request_defa     Unknown  Unknown
libmpi.so.40.20.2  00001547EF22313F  PMPI_Waitall          Unknown  Unknown
libmpi_mpifh.so    00001547EF5187ED  Unknown               Unknown  Unknown
fms_ACCESS-OM_730  0000000001BB4320  Unknown               Unknown  Unknown
fms_ACCESS-OM_730  0000000001BB32D9  Unknown               Unknown  Unknown
fms_ACCESS-OM_730  0000000001AC12B3  mod_oasis_advance        1130  mod_oasis_advance.F90
fms_ACCESS-OM_730  00000000019C2A58  mod_oasis_getput_         766  mod_oasis_getput_interface.F90
fms_ACCESS-OM_730  0000000000411D4C  mom_oasis3_interf         701  mom_oasis3_interface.F90
fms_ACCESS-OM_730  0000000000421943  MAIN__                    645  ocean_solo.F90
fms_ACCESS-OM_730  000000000040F822  Unknown               Unknown  Unknown
libc-2.28.so       00001547EE8527E5  __libc_start_main     Unknown  Unknown
fms_ACCESS-OM_730  000000000040F72E  Unknown               Unknown  Unknown
forrtl: error (78): process killed (SIGTERM)
Image              PC                Routine            Line        Source             
fms_ACCESS-OM_730  0000000001D184C4  Unknown               Unknown  Unknown
libpthread-2.28.s  000014570A3B5990  Unknown               Unknown  Unknown
libuct_ib.so.0.0.  00001456EA21E815  Unknown               Unknown  Unknown
libucp.so.0.0.0    00001456EC6FBE9A  ucp_worker_progre     Unknown  Unknown
mca_pml_ucx.so     00001456ECBA3397  mca_pml_ucx_progr     Unknown  Unknown
libopen-pal.so.40  00001457056AC72B  opal_progress         Unknown  Unknown
libmpi.so.40.20.2  000014570A9942D5  ompi_request_defa     Unknown  Unknown
libmpi.so.40.20.2  000014570A9D713F  PMPI_Waitall          Unknown  Unknown
libmpi_mpifh.so    000014570ACCC7ED  Unknown               Unknown  Unknown
fms_ACCESS-OM_730  0000000001BB4320  Unknown               Unknown  Unknown
fms_ACCESS-OM_730  0000000001BB32D9  Unknown               Unknown  Unknown
fms_ACCESS-OM_730  0000000001AC12B3  mod_oasis_advance        1130  mod_oasis_advance.F90
fms_ACCESS-OM_730  00000000019C2A58  mod_oasis_getput_         766  mod_oasis_getput_interface.F90
fms_ACCESS-OM_730  0000000000411D4C  mom_oasis3_interf         701  mom_oasis3_interface.F90
fms_ACCESS-OM_730  0000000000421943  MAIN__                    645  ocean_solo.F90
fms_ACCESS-OM_730  000000000040F822  Unknown               Unknown  Unknown
libc-2.28.so       000014570A0067E5  __libc_start_main     Unknown  Unknown
fms_ACCESS-OM_730  000000000040F72E  Unknown               Unknown  Unknown
forrtl: error (78): process killed (SIGTERM)
Image              PC                Routine            Line        Source             
fms_ACCESS-OM_730  0000000001D184C4  Unknown               Unknown  Unknown
libpthread-2.28.s  0000152B3BCF9990  Unknown               Unknown  Unknown
libuct.so.0.0.0    0000152B1DCA923A  Unknown               Unknown  Unknown
libucp.so.0.0.0    0000152B1DF12E9A  ucp_worker_progre     Unknown  Unknown
hmca_bcol_ucx_p2p  0000152B0B4380D6  Unknown               Unknown  Unknown
libhcoll.so.1.0.1  0000152B19806A23  hcoll_ml_progress     Unknown  Unknown
libopen-pal.so.40  0000152B36FF072B  opal_progress         Unknown  Unknown
libmpi.so.40.20.2  0000152B3C2D82D5  ompi_request_defa     Unknown  Unknown
libmpi.so.40.20.2  0000152B3C31B13F  PMPI_Waitall          Unknown  Unknown
libmpi_mpifh.so    0000152B3C6107ED  Unknown               Unknown  Unknown
fms_ACCESS-OM_730  0000000001BB4320  Unknown               Unknown  Unknown
fms_ACCESS-OM_730  0000000001BB32D9  Unknown               Unknown  Unknown
fms_ACCESS-OM_730  0000000001AC12B3  mod_oasis_advance        1130  mod_oasis_advance.F90
fms_ACCESS-OM_730  00000000019C2A58  mod_oasis_getput_         766  mod_oasis_getput_interface.F90
fms_ACCESS-OM_730  0000000000411D4C  mom_oasis3_interf         701  mom_oasis3_interface.F90
fms_ACCESS-OM_730  0000000000421943  MAIN__                    645  ocean_solo.F90
fms_ACCESS-OM_730  000000000040F822  Unknown               Unknown  Unknown
libc-2.28.so       0000152B3B94A7E5  __libc_start_main     Unknown  Unknown
fms_ACCESS-OM_730  000000000040F72E  Unknown               Unknown  Unknown
forrtl: error (78): process killed (SIGTERM)
Image              PC                Routine            Line        Source             
fms_ACCESS-OM_730  0000000001D184C4  Unknown               Unknown  Unknown
libpthread-2.28.s  000014C6BC418990  Unknown               Unknown  Unknown
libuct.so.0.0.0    000014C6A818523A  Unknown               Unknown  Unknown
libucp.so.0.0.0    000014C6A83EEE9A  ucp_worker_progre     Unknown  Unknown
mca_pml_ucx.so     000014C6A8896397  mca_pml_ucx_progr     Unknown  Unknown
libopen-pal.so.40  000014C6B770F72B  opal_progress         Unknown  Unknown
libmpi.so.40.20.2  000014C6BC9F72D5  ompi_request_defa     Unknown  Unknown
libmpi.so.40.20.2  000014C6BCA3A13F  PMPI_Waitall          Unknown  Unknown
libmpi_mpifh.so    000014C6BCD2F7ED  Unknown               Unknown  Unknown
fms_ACCESS-OM_730  0000000001BB4320  Unknown               Unknown  Unknown
fms_ACCESS-OM_730  0000000001BB32D9  Unknown               Unknown  Unknown
fms_ACCESS-OM_730  0000000001AC12B3  mod_oasis_advance        1130  mod_oasis_advance.F90
fms_ACCESS-OM_730  00000000019C2A58  mod_oasis_getput_         766  mod_oasis_getput_interface.F90
fms_ACCESS-OM_730  0000000000411D4C  mom_oasis3_interf         701  mom_oasis3_interface.F90
fms_ACCESS-OM_730  0000000000421943  MAIN__                    645  ocean_solo.F90
fms_ACCESS-OM_730  000000000040F822  Unknown               Unknown  Unknown
libc-2.28.so       000014C6BC0697E5  __libc_start_main     Unknown  Unknown
fms_ACCESS-OM_730  000000000040F72E  Unknown               Unknown  Unknown
forrtl: error (78): process killed (SIGTERM)
Image              PC                Routine            Line        Source             
fms_ACCESS-OM_730  0000000001D184C4  Unknown               Unknown  Unknown
libpthread-2.28.s  00001477B1753990  Unknown               Unknown  Unknown
libuct.so.0.0.0    000014779D4A3391  Unknown               Unknown  Unknown
libucp.so.0.0.0    000014779D70CE9A  ucp_worker_progre     Unknown  Unknown
mca_pml_ucx.so     000014779DBB4397  mca_pml_ucx_progr     Unknown  Unknown
libopen-pal.so.40  00001477ACA4A72B  opal_progress         Unknown  Unknown
libmpi.so.40.20.2  00001477B1D322D5  ompi_request_defa     Unknown  Unknown
libmpi.so.40.20.2  00001477B1D7513F  PMPI_Waitall          Unknown  Unknown
libmpi_mpifh.so    00001477B206A7ED  Unknown               Unknown  Unknown
fms_ACCESS-OM_730  0000000001BB4320  Unknown               Unknown  Unknown
fms_ACCESS-OM_730  0000000001BB32D9  Unknown               Unknown  Unknown
fms_ACCESS-OM_730  0000000001AC12B3  mod_oasis_advance        1130  mod_oasis_advance.F90
fms_ACCESS-OM_730  00000000019C2A58  mod_oasis_getput_         766  mod_oasis_getput_interface.F90
fms_ACCESS-OM_730  0000000000411D4C  mom_oasis3_interf         701  mom_oasis3_interface.F90
fms_ACCESS-OM_730  0000000000421943  MAIN__                    645  ocean_solo.F90
fms_ACCESS-OM_730  000000000040F822  Unknown               Unknown  Unknown
libc-2.28.so       00001477B13A47E5  __libc_start_main     Unknown  Unknown
fms_ACCESS-OM_730  000000000040F72E  Unknown               Unknown  Unknown
forrtl: error (78): process killed (SIGTERM)
Image              PC                Routine            Line        Source             
cice_auscom_360x3  0000000000D21214  Unknown               Unknown  Unknown
libpthread-2.28.s  0000154F05BD0990  Unknown               Unknown  Unknown
libuct.so.0.0.0    0000154EF19B1200  Unknown               Unknown  Unknown
libucp.so.0.0.0    0000154EF1C1AE9A  ucp_worker_progre     Unknown  Unknown
mca_pml_ucx.so     0000154EF20C2397  mca_pml_ucx_progr     Unknown  Unknown
libopen-pal.so.40  0000154F04E6672B  opal_progress         Unknown  Unknown
libmpi.so.40.20.2  0000154F072492D5  ompi_request_defa     Unknown  Unknown
libmpi.so.40.20.2  0000154F0728C13F  PMPI_Waitall          Unknown  Unknown
libmpi_mpifh.so    0000154F061B37ED  Unknown               Unknown  Unknown
cice_auscom_360x3  0000000000BC7AE0  Unknown               Unknown  Unknown
cice_auscom_360x3  0000000000BC6A99  Unknown               Unknown  Unknown
cice_auscom_360x3  0000000000AD3F78  mod_oasis_advance        1099  mod_oasis_advance.F90
cice_auscom_360x3  00000000009D41C8  mod_oasis_getput_         665  mod_oasis_getput_interface.F90
cice_auscom_360x3  000000000046A1CF  cpl_interface_mp_         485  cpl_interface.f90
cice_auscom_360x3  0000000000415E4C  cice_runmod_mp_ci         138  CICE_RunMod.f90
cice_auscom_360x3  0000000000411292  MAIN__                     70  CICE.f90
cice_auscom_360x3  0000000000411222  Unknown               Unknown  Unknown
libc-2.28.so       0000154F0561D7E5  __libc_start_main     Unknown  Unknown
cice_auscom_360x3  000000000041112E  Unknown               Unknown  Unknown
forrtl: error (78): process killed (SIGTERM)
Image              PC                Routine            Line        Source             
cice_auscom_360x3  0000000000D21214  Unknown               Unknown  Unknown
libpthread-2.28.s  0000154E1652E990  Unknown               Unknown  Unknown
libhcoll.so.1.0.1  0000154DF41F576C  hcoll_ml_progress     Unknown  Unknown
libopen-pal.so.40  0000154E157C472B  opal_progress         Unknown  Unknown
libmpi.so.40.20.2  0000154E17BA70DD  ompi_request_defa     Unknown  Unknown
libmpi.so.40.20.2  0000154E17BEA28B  MPI_Waitany           Unknown  Unknown
libmpi_mpifh.so    0000154E16B1195B  Unknown               Unknown  Unknown
cice_auscom_360x3  0000000000C799C9  Unknown               Unknown  Unknown
cice_auscom_360x3  0000000000C6B873  Unknown               Unknown  Unknown
cice_auscom_360x3  0000000000B020A3  mod_oasis_advance        1442  mod_oasis_advance.F90
cice_auscom_360x3  0000000000AD40E5  mod_oasis_advance        1114  mod_oasis_advance.F90
cice_auscom_360x3  00000000009D41C8  mod_oasis_getput_         665  mod_oasis_getput_interface.F90
cice_auscom_360x3  000000000046A1CF  cpl_interface_mp_         485  cpl_interface.f90
cice_auscom_360x3  0000000000415E4C  cice_runmod_mp_ci         138  CICE_RunMod.f90
cice_auscom_360x3  0000000000411292  MAIN__                     70  CICE.f90
cice_auscom_360x3  0000000000411222  Unknown               Unknown  Unknown
libc-2.28.so       0000154E15F7B7E5  __libc_start_main     Unknown  Unknown
cice_auscom_360x3  000000000041112E  Unknown               Unknown  Unknown
forrtl: error (78): process killed (SIGTERM)
Image              PC                Routine            Line        Source             
cice_auscom_360x3  0000000000D21214  Unknown               Unknown  Unknown
libpthread-2.28.s  000014B59273E990  Unknown               Unknown  Unknown
libuct_ib.so.0.0.  000014B57262667A  Unknown               Unknown  Unknown
libucp.so.0.0.0    000014B574B03E9A  ucp_worker_progre     Unknown  Unknown
mca_pml_ucx.so     000014B574FAB397  mca_pml_ucx_progr     Unknown  Unknown
libopen-pal.so.40  000014B5919D472B  opal_progress         Unknown  Unknown
libmpi.so.40.20.2  000014B593DB70DD  ompi_request_defa     Unknown  Unknown
libmpi.so.40.20.2  000014B593DFA28B  MPI_Waitany           Unknown  Unknown
libmpi_mpifh.so    000014B592D2195B  Unknown               Unknown  Unknown
cice_auscom_360x3  0000000000C799C9  Unknown               Unknown  Unknown
cice_auscom_360x3  0000000000C6B873  Unknown               Unknown  Unknown
cice_auscom_360x3  0000000000B020A3  mod_oasis_advance        1442  mod_oasis_advance.F90
cice_auscom_360x3  0000000000AD40E5  mod_oasis_advance        1114  mod_oasis_advance.F90
cice_auscom_360x3  00000000009D41C8  mod_oasis_getput_         665  mod_oasis_getput_interface.F90
cice_auscom_360x3  000000000046A1CF  cpl_interface_mp_         485  cpl_interface.f90
cice_auscom_360x3  0000000000415E4C  cice_runmod_mp_ci         138  CICE_RunMod.f90
cice_auscom_360x3  0000000000411292  MAIN__                     70  CICE.f90
cice_auscom_360x3  0000000000411222  Unknown               Unknown  Unknown
libc-2.28.so       000014B59218B7E5  __libc_start_main     Unknown  Unknown
cice_auscom_360x3  000000000041112E  Unknown               Unknown  Unknown
forrtl: error (78): process killed (SIGTERM)
Image              PC                Routine            Line        Source             
cice_auscom_360x3  0000000000D21214  Unknown               Unknown  Unknown
libpthread-2.28.s  000014EDFEF1A990  Unknown               Unknown  Unknown
libucp.so.0.0.0    000014EDE1117E90  ucp_worker_progre     Unknown  Unknown
mca_pml_ucx.so     000014EDEC33F397  mca_pml_ucx_progr     Unknown  Unknown
libopen-pal.so.40  000014EDFE1B072B  opal_progress         Unknown  Unknown
libmpi.so.40.20.2  000014EE005930DD  ompi_request_defa     Unknown  Unknown
libmpi.so.40.20.2  000014EE005D628B  MPI_Waitany           Unknown  Unknown
libmpi_mpifh.so    000014EDFF4FD95B  Unknown               Unknown  Unknown
cice_auscom_360x3  0000000000C799C9  Unknown               Unknown  Unknown
cice_auscom_360x3  0000000000C6B873  Unknown               Unknown  Unknown
cice_auscom_360x3  0000000000B020A3  mod_oasis_advance        1442  mod_oasis_advance.F90
cice_auscom_360x3  0000000000AD40E5  mod_oasis_advance        1114  mod_oasis_advance.F90
cice_auscom_360x3  00000000009D41C8  mod_oasis_getput_         665  mod_oasis_getput_interface.F90
cice_auscom_360x3  000000000046A1CF  cpl_interface_mp_         485  cpl_interface.f90
cice_auscom_360x3  0000000000415E4C  cice_runmod_mp_ci         138  CICE_RunMod.f90
cice_auscom_360x3  0000000000411292  MAIN__                     70  CICE.f90
cice_auscom_360x3  0000000000411222  Unknown               Unknown  Unknown
libc-2.28.so       000014EDFE9677E5  __libc_start_main     Unknown  Unknown
cice_auscom_360x3  000000000041112E  Unknown               Unknown  Unknown
forrtl: error (78): process killed (SIGTERM)
Image              PC                Routine            Line        Source             
cice_auscom_360x3  0000000000D21214  Unknown               Unknown  Unknown
libpthread-2.28.s  000014C0A4D0F990  Unknown               Unknown  Unknown
libuct.so.0.0.0    000014C090A86204  Unknown               Unknown  Unknown
libucp.so.0.0.0    000014C090CEFE9A  ucp_worker_progre     Unknown  Unknown
mca_pml_ucx.so     000014C091197397  mca_pml_ucx_progr     Unknown  Unknown
libopen-pal.so.40  000014C0A3FA572B  opal_progress         Unknown  Unknown
libmpi.so.40.20.2  000014C0A63880DD  ompi_request_defa     Unknown  Unknown
libmpi.so.40.20.2  000014C0A63CB28B  MPI_Waitany           Unknown  Unknown
libmpi_mpifh.so    000014C0A52F295B  Unknown               Unknown  Unknown
cice_auscom_360x3  0000000000C799C9  Unknown               Unknown  Unknown
cice_auscom_360x3  0000000000C6B873  Unknown               Unknown  Unknown
cice_auscom_360x3  0000000000B020A3  mod_oasis_advance        1442  mod_oasis_advance.F90
cice_auscom_360x3  0000000000AD40E5  mod_oasis_advance        1114  mod_oasis_advance.F90
cice_auscom_360x3  00000000009D41C8  mod_oasis_getput_         665  mod_oasis_getput_interface.F90
cice_auscom_360x3  000000000046A1CF  cpl_interface_mp_         485  cpl_interface.f90
cice_auscom_360x3  0000000000415E4C  cice_runmod_mp_ci         138  CICE_RunMod.f90
cice_auscom_360x3  0000000000411292  MAIN__                     70  CICE.f90
cice_auscom_360x3  0000000000411222  Unknown               Unknown  Unknown
libc-2.28.so       000014C0A475C7E5  __libc_start_main     Unknown  Unknown
cice_auscom_360x3  000000000041112E  Unknown               Unknown  Unknown
forrtl: error (78): process killed (SIGTERM)
Image              PC                Routine            Line        Source             
cice_auscom_360x3  0000000000D21214  Unknown               Unknown  Unknown
libpthread-2.28.s  000014CC0D9BB990  Unknown               Unknown  Unknown
libucp.so.0.0.0    000014CBF9912E87  ucp_worker_progre     Unknown  Unknown
mca_pml_ucx.so     000014CBF9DBA397  mca_pml_ucx_progr     Unknown  Unknown
libopen-pal.so.40  000014CC0CC5172B  opal_progress         Unknown  Unknown
libmpi.so.40.20.2  000014CC0F0340DD  ompi_request_defa     Unknown  Unknown
libmpi.so.40.20.2  000014CC0F07728B  MPI_Waitany           Unknown  Unknown
libmpi_mpifh.so    000014CC0DF9E95B  Unknown               Unknown  Unknown
cice_auscom_360x3  0000000000C799C9  Unknown               Unknown  Unknown
cice_auscom_360x3  0000000000C6B873  Unknown               Unknown  Unknown
cice_auscom_360x3  0000000000B020A3  mod_oasis_advance        1442  mod_oasis_advance.F90
cice_auscom_360x3  0000000000AD40E5  mod_oasis_advance        1114  mod_oasis_advance.F90
cice_auscom_360x3  00000000009D41C8  mod_oasis_getput_         665  mod_oasis_getput_interface.F90
cice_auscom_360x3  000000000046A1CF  cpl_interface_mp_         485  cpl_interface.f90
cice_auscom_360x3  0000000000415E4C  cice_runmod_mp_ci         138  CICE_RunMod.f90
cice_auscom_360x3  0000000000411292  MAIN__                     70  CICE.f90
cice_auscom_360x3  0000000000411222  Unknown               Unknown  Unknown
libc-2.28.so       000014CC0D4087E5  __libc_start_main     Unknown  Unknown
cice_auscom_360x3  000000000041112E  Unknown               Unknown  Unknown
forrtl: error (78): process killed (SIGTERM)
Image              PC                Routine            Line        Source             
cice_auscom_360x3  0000000000D21214  Unknown               Unknown  Unknown
libpthread-2.28.s  000014D8B3FC1990  Unknown               Unknown  Unknown
libuct_ib.so.0.0.  000014D893E7B650  Unknown               Unknown  Unknown
libucp.so.0.0.0    000014D896117E9A  ucp_worker_progre     Unknown  Unknown
mca_pml_ucx.so     000014D8A048F397  mca_pml_ucx_progr     Unknown  Unknown
libopen-pal.so.40  000014D8B325772B  opal_progress         Unknown  Unknown
libmpi.so.40.20.2  000014D8B563A0DD  ompi_request_defa     Unknown  Unknown
libmpi.so.40.20.2  000014D8B567D28B  MPI_Waitany           Unknown  Unknown
libmpi_mpifh.so    000014D8B45A495B  Unknown               Unknown  Unknown
cice_auscom_360x3  0000000000C799C9  Unknown               Unknown  Unknown
cice_auscom_360x3  0000000000C6B873  Unknown               Unknown  Unknown
cice_auscom_360x3  0000000000B020A3  mod_oasis_advance        1442  mod_oasis_advance.F90
cice_auscom_360x3  0000000000AD40E5  mod_oasis_advance        1114  mod_oasis_advance.F90
cice_auscom_360x3  00000000009D41C8  mod_oasis_getput_         665  mod_oasis_getput_interface.F90
cice_auscom_360x3  000000000046A1CF  cpl_interface_mp_         485  cpl_interface.f90
cice_auscom_360x3  0000000000415E4C  cice_runmod_mp_ci         138  CICE_RunMod.f90
cice_auscom_360x3  0000000000411292  MAIN__                     70  CICE.f90
cice_auscom_360x3  0000000000411222  Unknown               Unknown  Unknown
libc-2.28.so       000014D8B3A0E7E5  __libc_start_main     Unknown  Unknown
cice_auscom_360x3  000000000041112E  Unknown               Unknown  Unknown
forrtl: error (78): process killed (SIGTERM)
Image              PC                Routine            Line        Source             
cice_auscom_360x3  0000000000D21214  Unknown               Unknown  Unknown
libpthread-2.28.s  000014DC3FADB990  Unknown               Unknown  Unknown
libucp.so.0.0.0    000014DC21D06E8A  ucp_worker_progre     Unknown  Unknown
mca_pml_ucx.so     000014DC221AE397  mca_pml_ucx_progr     Unknown  Unknown
libopen-pal.so.40  000014DC3ED7172B  opal_progress         Unknown  Unknown
libmpi.so.40.20.2  000014DC411540DD  ompi_request_defa     Unknown  Unknown
libmpi.so.40.20.2  000014DC4119728B  MPI_Waitany           Unknown  Unknown
libmpi_mpifh.so    000014DC400BE95B  Unknown               Unknown  Unknown
cice_auscom_360x3  0000000000C799C9  Unknown               Unknown  Unknown
cice_auscom_360x3  0000000000C6B873  Unknown               Unknown  Unknown
cice_auscom_360x3  0000000000B020A3  mod_oasis_advance        1442  mod_oasis_advance.F90
cice_auscom_360x3  0000000000AD40E5  mod_oasis_advance        1114  mod_oasis_advance.F90
cice_auscom_360x3  00000000009D41C8  mod_oasis_getput_         665  mod_oasis_getput_interface.F90
cice_auscom_360x3  000000000046A1CF  cpl_interface_mp_         485  cpl_interface.f90
cice_auscom_360x3  0000000000415E4C  cice_runmod_mp_ci         138  CICE_RunMod.f90
cice_auscom_360x3  0000000000411292  MAIN__                     70  CICE.f90
cice_auscom_360x3  0000000000411222  Unknown               Unknown  Unknown
libc-2.28.so       000014DC3F5287E5  __libc_start_main     Unknown  Unknown
cice_auscom_360x3  000000000041112E  Unknown               Unknown  Unknown
forrtl: error (78): process killed (SIGTERM)
Image              PC                Routine            Line        Source             
cice_auscom_360x3  0000000000D21214  Unknown               Unknown  Unknown
libpthread-2.28.s  000014D41175B990  Unknown               Unknown  Unknown
libuct.so.0.0.0    000014D3FD4A3391  Unknown               Unknown  Unknown
libucp.so.0.0.0    000014D3FD70CE9A  ucp_worker_progre     Unknown  Unknown
mca_pml_ucx.so     000014D3FDBB4397  mca_pml_ucx_progr     Unknown  Unknown
libopen-pal.so.40  000014D4109F172B  opal_progress         Unknown  Unknown
libmpi.so.40.20.2  000014D412DD40DD  ompi_request_defa     Unknown  Unknown
libmpi.so.40.20.2  000014D412E1728B  MPI_Waitany           Unknown  Unknown
libmpi_mpifh.so    000014D411D3E95B  Unknown               Unknown  Unknown
cice_auscom_360x3  0000000000C799C9  Unknown               Unknown  Unknown
cice_auscom_360x3  0000000000C6B873  Unknown               Unknown  Unknown
cice_auscom_360x3  0000000000B020A3  mod_oasis_advance        1442  mod_oasis_advance.F90
cice_auscom_360x3  0000000000AD40E5  mod_oasis_advance        1114  mod_oasis_advance.F90
cice_auscom_360x3  00000000009D41C8  mod_oasis_getput_         665  mod_oasis_getput_interface.F90
cice_auscom_360x3  000000000046A1CF  cpl_interface_mp_         485  cpl_interface.f90
cice_auscom_360x3  0000000000415E4C  cice_runmod_mp_ci         138  CICE_RunMod.f90
cice_auscom_360x3  0000000000411292  MAIN__                     70  CICE.f90
cice_auscom_360x3  0000000000411222  Unknown               Unknown  Unknown
libc-2.28.so       000014D4111A87E5  __libc_start_main     Unknown  Unknown
cice_auscom_360x3  000000000041112E  Unknown               Unknown  Unknown
forrtl: error (78): process killed (SIGTERM)
Image              PC                Routine            Line        Source             
cice_auscom_360x3  0000000000D21214  Unknown               Unknown  Unknown
libpthread-2.28.s  0000148DC822B990  Unknown               Unknown  Unknown
libopen-pal.so.40  0000148DC74C177B  opal_progress         Unknown  Unknown
libmpi.so.40.20.2  0000148DC98A42D5  ompi_request_defa     Unknown  Unknown
libmpi.so.40.20.2  0000148DC98E713F  PMPI_Waitall          Unknown  Unknown
libmpi_mpifh.so    0000148DC880E7ED  Unknown               Unknown  Unknown
cice_auscom_360x3  0000000000BC7AE0  Unknown               Unknown  Unknown
cice_auscom_360x3  0000000000BC6A99  Unknown               Unknown  Unknown
cice_auscom_360x3  0000000000AD3F78  mod_oasis_advance        1099  mod_oasis_advance.F90
cice_auscom_360x3  00000000009D41C8  mod_oasis_getput_         665  mod_oasis_getput_interface.F90
cice_auscom_360x3  000000000046A1CF  cpl_interface_mp_         485  cpl_interface.f90
cice_auscom_360x3  0000000000415E4C  cice_runmod_mp_ci         138  CICE_RunMod.f90
cice_auscom_360x3  0000000000411292  MAIN__                     70  CICE.f90
cice_auscom_360x3  0000000000411222  Unknown               Unknown  Unknown
libc-2.28.so       0000148DC7C787E5  __libc_start_main     Unknown  Unknown
cice_auscom_360x3  000000000041112E  Unknown               Unknown  Unknown
forrtl: error (78): process killed (SIGTERM)
Image              PC                Routine            Line        Source             
cice_auscom_360x3  0000000000D21214  Unknown               Unknown  Unknown
libpthread-2.28.s  000014D6332E7990  Unknown               Unknown  Unknown
libuct_ib.so.0.0.  000014D61315981C  Unknown               Unknown  Unknown
libucp.so.0.0.0    000014D6202B0E9A  ucp_worker_progre     Unknown  Unknown
mca_pml_ucx.so     000014D620758397  mca_pml_ucx_progr     Unknown  Unknown
libopen-pal.so.40  000014D63257D72B  opal_progress         Unknown  Unknown
libmpi.so.40.20.2  000014D6349602D5  ompi_request_defa     Unknown  Unknown
libmpi.so.40.20.2  000014D6349A313F  PMPI_Waitall          Unknown  Unknown
libmpi_mpifh.so    000014D6338CA7ED  Unknown               Unknown  Unknown
cice_auscom_360x3  0000000000BC7AE0  Unknown               Unknown  Unknown
cice_auscom_360x3  0000000000BC6A99  Unknown               Unknown  Unknown
cice_auscom_360x3  0000000000AD3F78  mod_oasis_advance        1099  mod_oasis_advance.F90
cice_auscom_360x3  00000000009D41C8  mod_oasis_getput_         665  mod_oasis_getput_interface.F90
cice_auscom_360x3  000000000046A1CF  cpl_interface_mp_         485  cpl_interface.f90
cice_auscom_360x3  0000000000415E4C  cice_runmod_mp_ci         138  CICE_RunMod.f90
cice_auscom_360x3  0000000000411292  MAIN__                     70  CICE.f90
cice_auscom_360x3  0000000000411222  Unknown               Unknown  Unknown
libc-2.28.so       000014D632D347E5  __libc_start_main     Unknown  Unknown
cice_auscom_360x3  000000000041112E  Unknown               Unknown  Unknown
forrtl: error (78): process killed (SIGTERM)
Image              PC                Routine            Line        Source             
cice_auscom_360x3  0000000000D21214  Unknown               Unknown  Unknown
libpthread-2.28.s  0000151C5B800990  Unknown               Unknown  Unknown
libuct.so.0.0.0    0000151C48563214  Unknown               Unknown  Unknown
libucp.so.0.0.0    0000151C487CCE9A  ucp_worker_progre     Unknown  Unknown
mca_pml_ucx.so     0000151C48C74397  mca_pml_ucx_progr     Unknown  Unknown
libopen-pal.so.40  0000151C5AA9672B  opal_progress         Unknown  Unknown
libmpi.so.40.20.2  0000151C5CE792D5  ompi_request_defa     Unknown  Unknown
libmpi.so.40.20.2  0000151C5CEBC13F  PMPI_Waitall          Unknown  Unknown
libmpi_mpifh.so    0000151C5BDE37ED  Unknown               Unknown  Unknown
cice_auscom_360x3  0000000000BC7AE0  Unknown               Unknown  Unknown
cice_auscom_360x3  0000000000BC6A99  Unknown               Unknown  Unknown
cice_auscom_360x3  0000000000AD3F78  mod_oasis_advance        1099  mod_oasis_advance.F90
cice_auscom_360x3  00000000009D41C8  mod_oasis_getput_         665  mod_oasis_getput_interface.F90
cice_auscom_360x3  000000000046A1CF  cpl_interface_mp_         485  cpl_interface.f90
cice_auscom_360x3  0000000000415E4C  cice_runmod_mp_ci         138  CICE_RunMod.f90
cice_auscom_360x3  0000000000411292  MAIN__                     70  CICE.f90
cice_auscom_360x3  0000000000411222  Unknown               Unknown  Unknown
libc-2.28.so       0000151C5B24D7E5  __libc_start_main     Unknown  Unknown
cice_auscom_360x3  000000000041112E  Unknown               Unknown  Unknown
forrtl: error (78): process killed (SIGTERM)
Image              PC                Routine            Line        Source             
cice_auscom_360x3  0000000000D21214  Unknown               Unknown  Unknown
libpthread-2.28.s  0000151DCC140990  Unknown               Unknown  Unknown
libopen-pal.so.40  0000151DCB3D6791  opal_progress         Unknown  Unknown
libmpi.so.40.20.2  0000151DCD7B92D5  ompi_request_defa     Unknown  Unknown
libmpi.so.40.20.2  0000151DCD7FC13F  PMPI_Waitall          Unknown  Unknown
libmpi_mpifh.so    0000151DCC7237ED  Unknown               Unknown  Unknown
cice_auscom_360x3  0000000000BC7AE0  Unknown               Unknown  Unknown
cice_auscom_360x3  0000000000BC6A99  Unknown               Unknown  Unknown
cice_auscom_360x3  0000000000AD3F78  mod_oasis_advance        1099  mod_oasis_advance.F90
cice_auscom_360x3  00000000009D41C8  mod_oasis_getput_         665  mod_oasis_getput_interface.F90
cice_auscom_360x3  000000000046A1CF  cpl_interface_mp_         485  cpl_interface.f90
cice_auscom_360x3  0000000000415E4C  cice_runmod_mp_ci         138  CICE_RunMod.f90
cice_auscom_360x3  0000000000411292  MAIN__                     70  CICE.f90
cice_auscom_360x3  0000000000411222  Unknown               Unknown  Unknown
libc-2.28.so       0000151DCBB8D7E5  __libc_start_main     Unknown  Unknown
cice_auscom_360x3  000000000041112E  Unknown               Unknown  Unknown
forrtl: error (78): process killed (SIGTERM)
Image              PC                Routine            Line        Source             
cice_auscom_360x3  0000000000D21214  Unknown               Unknown  Unknown
libpthread-2.28.s  00001479A36F8990  Unknown               Unknown  Unknown
libopen-pal.so.40  00001479A298E729  opal_progress         Unknown  Unknown
libmpi.so.40.20.2  00001479A4D712D5  ompi_request_defa     Unknown  Unknown
libmpi.so.40.20.2  00001479A4DB413F  PMPI_Waitall          Unknown  Unknown
libmpi_mpifh.so    00001479A3CDB7ED  Unknown               Unknown  Unknown
cice_auscom_360x3  0000000000BC7AE0  Unknown               Unknown  Unknown
cice_auscom_360x3  0000000000BC6A99  Unknown               Unknown  Unknown
cice_auscom_360x3  0000000000AD3F78  mod_oasis_advance        1099  mod_oasis_advance.F90
cice_auscom_360x3  00000000009D41C8  mod_oasis_getput_         665  mod_oasis_getput_interface.F90
cice_auscom_360x3  000000000046A1CF  cpl_interface_mp_         485  cpl_interface.f90
cice_auscom_360x3  0000000000415E4C  cice_runmod_mp_ci         138  CICE_RunMod.f90
cice_auscom_360x3  0000000000411292  MAIN__                     70  CICE.f90
cice_auscom_360x3  0000000000411222  Unknown               Unknown  Unknown
libc-2.28.so       00001479A31457E5  __libc_start_main     Unknown  Unknown
cice_auscom_360x3  000000000041112E  Unknown               Unknown  Unknown
forrtl: error (78): process killed (SIGTERM)
Image              PC                Routine            Line        Source             
cice_auscom_360x3  0000000000D21214  Unknown               Unknown  Unknown
libpthread-2.28.s  00001523396E1990  Unknown               Unknown  Unknown
libucp.so.0.0.0    000015232570CEBC  ucp_worker_progre     Unknown  Unknown
mca_pml_ucx.so     0000152325BB4397  mca_pml_ucx_progr     Unknown  Unknown
libopen-pal.so.40  000015233897772B  opal_progress         Unknown  Unknown
libmpi.so.40.20.2  000015233AD5A2D5  ompi_request_defa     Unknown  Unknown
libmpi.so.40.20.2  000015233AD9D13F  PMPI_Waitall          Unknown  Unknown
libmpi_mpifh.so    0000152339CC47ED  Unknown               Unknown  Unknown
cice_auscom_360x3  0000000000BC7AE0  Unknown               Unknown  Unknown
cice_auscom_360x3  0000000000BC6A99  Unknown               Unknown  Unknown
cice_auscom_360x3  0000000000AD3F78  mod_oasis_advance        1099  mod_oasis_advance.F90
cice_auscom_360x3  00000000009D41C8  mod_oasis_getput_         665  mod_oasis_getput_interface.F90
cice_auscom_360x3  000000000046A1CF  cpl_interface_mp_         485  cpl_interface.f90
cice_auscom_360x3  0000000000415E4C  cice_runmod_mp_ci         138  CICE_RunMod.f90
cice_auscom_360x3  0000000000411292  MAIN__                     70  CICE.f90
cice_auscom_360x3  0000000000411222  Unknown               Unknown  Unknown
libc-2.28.so       000015233912E7E5  __libc_start_main     Unknown  Unknown
cice_auscom_360x3  000000000041112E  Unknown               Unknown  Unknown
forrtl: error (78): process killed (SIGTERM)
Image              PC                Routine            Line        Source             
cice_auscom_360x3  0000000000D21214  Unknown               Unknown  Unknown
libpthread-2.28.s  000014DCF9C90990  Unknown               Unknown  Unknown
libucp.so.0.0.0    000014DCE5C1AE90  ucp_worker_progre     Unknown  Unknown
mca_pml_ucx.so     000014DCE60C2397  mca_pml_ucx_progr     Unknown  Unknown
libopen-pal.so.40  000014DCF8F2672B  opal_progress         Unknown  Unknown
libmpi.so.40.20.2  000014DCFB3092D5  ompi_request_defa     Unknown  Unknown
libmpi.so.40.20.2  000014DCFB34C13F  PMPI_Waitall          Unknown  Unknown
libmpi_mpifh.so    000014DCFA2737ED  Unknown               Unknown  Unknown
cice_auscom_360x3  0000000000BC7AE0  Unknown               Unknown  Unknown
cice_auscom_360x3  0000000000BC6A99  Unknown               Unknown  Unknown
cice_auscom_360x3  0000000000AD3F78  mod_oasis_advance        1099  mod_oasis_advance.F90
cice_auscom_360x3  00000000009D41C8  mod_oasis_getput_         665  mod_oasis_getput_interface.F90
cice_auscom_360x3  000000000046A1CF  cpl_interface_mp_         485  cpl_interface.f90
cice_auscom_360x3  0000000000415E4C  cice_runmod_mp_ci         138  CICE_RunMod.f90
cice_auscom_360x3  0000000000411292  MAIN__                     70  CICE.f90
cice_auscom_360x3  0000000000411222  Unknown               Unknown  Unknown
libc-2.28.so       000014DCF96DD7E5  __libc_start_main     Unknown  Unknown
cice_auscom_360x3  000000000041112E  Unknown               Unknown  Unknown
forrtl: error (78): process killed (SIGTERM)
Image              PC                Routine            Line        Source             
cice_auscom_360x3  0000000000D21214  Unknown               Unknown  Unknown
libpthread-2.28.s  000014DFCB442990  Unknown               Unknown  Unknown
libuct.so.0.0.0    000014DFB815934C  Unknown               Unknown  Unknown
libucp.so.0.0.0    000014DFB83C2E9A  ucp_worker_progre     Unknown  Unknown
mca_pml_ucx.so     000014DFB886A397  mca_pml_ucx_progr     Unknown  Unknown
libopen-pal.so.40  000014DFCA6D872B  opal_progress         Unknown  Unknown
libmpi.so.40.20.2  000014DFCCABB2D5  ompi_request_defa     Unknown  Unknown
libmpi.so.40.20.2  000014DFCCAFE13F  PMPI_Waitall          Unknown  Unknown
libmpi_mpifh.so    000014DFCBA257ED  Unknown               Unknown  Unknown
cice_auscom_360x3  0000000000BC7AE0  Unknown               Unknown  Unknown
cice_auscom_360x3  0000000000BC6A99  Unknown               Unknown  Unknown
cice_auscom_360x3  0000000000AD3F78  mod_oasis_advance        1099  mod_oasis_advance.F90
cice_auscom_360x3  00000000009D41C8  mod_oasis_getput_         665  mod_oasis_getput_interface.F90
cice_auscom_360x3  000000000046A1CF  cpl_interface_mp_         485  cpl_interface.f90
cice_auscom_360x3  0000000000415E4C  cice_runmod_mp_ci         138  CICE_RunMod.f90
cice_auscom_360x3  0000000000411292  MAIN__                     70  CICE.f90
cice_auscom_360x3  0000000000411222  Unknown               Unknown  Unknown
libc-2.28.so       000014DFCAE8F7E5  __libc_start_main     Unknown  Unknown
cice_auscom_360x3  000000000041112E  Unknown               Unknown  Unknown
forrtl: error (78): process killed (SIGTERM)
Image              PC                Routine            Line        Source             
cice_auscom_360x3  0000000000D21214  Unknown               Unknown  Unknown
libpthread-2.28.s  00001462788E6990  Unknown               Unknown  Unknown
libuct.so.0.0.0    0000146264686242  Unknown               Unknown  Unknown
libucp.so.0.0.0    00001462648EFE9A  ucp_worker_progre     Unknown  Unknown
mca_pml_ucx.so     0000146264D97397  mca_pml_ucx_progr     Unknown  Unknown
libopen-pal.so.40  0000146277B7C72B  opal_progress         Unknown  Unknown
libmpi.so.40.20.2  0000146279F5F2D5  ompi_request_defa     Unknown  Unknown
libmpi.so.40.20.2  0000146279FA213F  PMPI_Waitall          Unknown  Unknown
libmpi_mpifh.so    0000146278EC97ED  Unknown               Unknown  Unknown
cice_auscom_360x3  0000000000BC7AE0  Unknown               Unknown  Unknown
cice_auscom_360x3  0000000000BC6A99  Unknown               Unknown  Unknown
cice_auscom_360x3  0000000000AD3F78  mod_oasis_advance        1099  mod_oasis_advance.F90
cice_auscom_360x3  00000000009D41C8  mod_oasis_getput_         665  mod_oasis_getput_interface.F90
cice_auscom_360x3  000000000046A1CF  cpl_interface_mp_         485  cpl_interface.f90
cice_auscom_360x3  0000000000415E4C  cice_runmod_mp_ci         138  CICE_RunMod.f90
cice_auscom_360x3  0000000000411292  MAIN__                     70  CICE.f90
cice_auscom_360x3  0000000000411222  Unknown               Unknown  Unknown
libc-2.28.so       00001462783337E5  __libc_start_main     Unknown  Unknown
cice_auscom_360x3  000000000041112E  Unknown               Unknown  Unknown
forrtl: error (78): process killed (SIGTERM)
Image              PC                Routine            Line        Source             
cice_auscom_360x3  0000000000D21214  Unknown               Unknown  Unknown
libpthread-2.28.s  000014B1C8B82990  Unknown               Unknown  Unknown
libucp.so.0.0.0    000014B1B4AE9E52  ucp_worker_progre     Unknown  Unknown
mca_pml_ucx.so     000014B1B4F91397  mca_pml_ucx_progr     Unknown  Unknown
libopen-pal.so.40  000014B1C7E1872B  opal_progress         Unknown  Unknown
libmpi.so.40.20.2  000014B1CA1FB2D5  ompi_request_defa     Unknown  Unknown
libmpi.so.40.20.2  000014B1CA23E13F  PMPI_Waitall          Unknown  Unknown
libmpi_mpifh.so    000014B1C91657ED  Unknown               Unknown  Unknown
cice_auscom_360x3  0000000000BC7AE0  Unknown               Unknown  Unknown
cice_auscom_360x3  0000000000BC6A99  Unknown               Unknown  Unknown
cice_auscom_360x3  0000000000AD3F78  mod_oasis_advance        1099  mod_oasis_advance.F90
cice_auscom_360x3  00000000009D41C8  mod_oasis_getput_         665  mod_oasis_getput_interface.F90
cice_auscom_360x3  000000000046A1CF  cpl_interface_mp_         485  cpl_interface.f90
cice_auscom_360x3  0000000000415E4C  cice_runmod_mp_ci         138  CICE_RunMod.f90
cice_auscom_360x3  0000000000411292  MAIN__                     70  CICE.f90
cice_auscom_360x3  0000000000411222  Unknown               Unknown  Unknown
libc-2.28.so       000014B1C85CF7E5  __libc_start_main     Unknown  Unknown
cice_auscom_360x3  000000000041112E  Unknown               Unknown  Unknown
forrtl: error (78): process killed (SIGTERM)
Image              PC                Routine            Line        Source             
cice_auscom_360x3  0000000000D21214  Unknown               Unknown  Unknown
libpthread-2.28.s  00001540B1B3C990  Unknown               Unknown  Unknown
libuct.so.0.0.0    000015409D8AD23A  Unknown               Unknown  Unknown
libucp.so.0.0.0    000015409DB16E9A  ucp_worker_progre     Unknown  Unknown
mca_pml_ucx.so     000015409DFBE397  mca_pml_ucx_progr     Unknown  Unknown
libopen-pal.so.40  00001540B0DD272B  opal_progress         Unknown  Unknown
libmpi.so.40.20.2  00001540B31B52D5  ompi_request_defa     Unknown  Unknown
libmpi.so.40.20.2  00001540B31F813F  PMPI_Waitall          Unknown  Unknown
libmpi_mpifh.so    00001540B211F7ED  Unknown               Unknown  Unknown
cice_auscom_360x3  0000000000BC7AE0  Unknown               Unknown  Unknown
cice_auscom_360x3  0000000000BC6A99  Unknown               Unknown  Unknown
cice_auscom_360x3  0000000000AD3F78  mod_oasis_advance        1099  mod_oasis_advance.F90
cice_auscom_360x3  00000000009D41C8  mod_oasis_getput_         665  mod_oasis_getput_interface.F90
cice_auscom_360x3  000000000046A1CF  cpl_interface_mp_         485  cpl_interface.f90
cice_auscom_360x3  0000000000415E4C  cice_runmod_mp_ci         138  CICE_RunMod.f90
cice_auscom_360x3  0000000000411292  MAIN__                     70  CICE.f90
cice_auscom_360x3  0000000000411222  Unknown               Unknown  Unknown
libc-2.28.so       00001540B15897E5  __libc_start_main     Unknown  Unknown
cice_auscom_360x3  000000000041112E  Unknown               Unknown  Unknown
forrtl: error (78): process killed (SIGTERM)
Image              PC                Routine            Line        Source             
cice_auscom_360x3  0000000000D21214  Unknown               Unknown  Unknown
libpthread-2.28.s  000014EEA3B0A990  Unknown               Unknown  Unknown
libucp.so.0.0.0    000014EE85D06E90  ucp_worker_progre     Unknown  Unknown
mca_pml_ucx.so     000014EE861AE397  mca_pml_ucx_progr     Unknown  Unknown
libopen-pal.so.40  000014EEA2DA072B  opal_progress         Unknown  Unknown
libmpi.so.40.20.2  000014EEA51832D5  ompi_request_defa     Unknown  Unknown
libmpi.so.40.20.2  000014EEA51C613F  PMPI_Waitall          Unknown  Unknown
libmpi_mpifh.so    000014EEA40ED7ED  Unknown               Unknown  Unknown
cice_auscom_360x3  0000000000BC7AE0  Unknown               Unknown  Unknown
cice_auscom_360x3  0000000000BC6A99  Unknown               Unknown  Unknown
cice_auscom_360x3  0000000000AD3F78  mod_oasis_advance        1099  mod_oasis_advance.F90
cice_auscom_360x3  00000000009D41C8  mod_oasis_getput_         665  mod_oasis_getput_interface.F90
cice_auscom_360x3  000000000046A1CF  cpl_interface_mp_         485  cpl_interface.f90
cice_auscom_360x3  0000000000415E4C  cice_runmod_mp_ci         138  CICE_RunMod.f90
cice_auscom_360x3  0000000000411292  MAIN__                     70  CICE.f90
cice_auscom_360x3  0000000000411222  Unknown               Unknown  Unknown
libc-2.28.so       000014EEA35577E5  __libc_start_main     Unknown  Unknown
cice_auscom_360x3  000000000041112E  Unknown               Unknown  Unknown
forrtl: error (78): process killed (SIGTERM)
Image              PC                Routine            Line        Source             
cice_auscom_360x3  0000000000D21214  Unknown               Unknown  Unknown
libpthread-2.28.s  0000149B42D2E990  Unknown               Unknown  Unknown
libuct_ib.so.0.0.  0000149B22A35E8A  Unknown               Unknown  Unknown
libucp.so.0.0.0    0000149B24F12E9A  ucp_worker_progre     Unknown  Unknown
mca_pml_ucx.so     0000149B3013B397  mca_pml_ucx_progr     Unknown  Unknown
libopen-pal.so.40  0000149B41FC472B  opal_progress         Unknown  Unknown
libmpi.so.40.20.2  0000149B443A72D5  ompi_request_defa     Unknown  Unknown
libmpi.so.40.20.2  0000149B443EA13F  PMPI_Waitall          Unknown  Unknown
libmpi_mpifh.so    0000149B433117ED  Unknown               Unknown  Unknown
cice_auscom_360x3  0000000000BC7AE0  Unknown               Unknown  Unknown
cice_auscom_360x3  0000000000BC6A99  Unknown               Unknown  Unknown
cice_auscom_360x3  0000000000AD3F78  mod_oasis_advance        1099  mod_oasis_advance.F90
cice_auscom_360x3  00000000009D41C8  mod_oasis_getput_         665  mod_oasis_getput_interface.F90
cice_auscom_360x3  000000000046A1CF  cpl_interface_mp_         485  cpl_interface.f90
cice_auscom_360x3  0000000000415E4C  cice_runmod_mp_ci         138  CICE_RunMod.f90
cice_auscom_360x3  0000000000411292  MAIN__                     70  CICE.f90
cice_auscom_360x3  0000000000411222  Unknown               Unknown  Unknown
libc-2.28.so       0000149B4277B7E5  __libc_start_main     Unknown  Unknown
cice_auscom_360x3  000000000041112E  Unknown               Unknown  Unknown
forrtl: error (78): process killed (SIGTERM)
Image              PC                Routine            Line        Source             
cice_auscom_360x3  0000000000D21214  Unknown               Unknown  Unknown
libpthread-2.28.s  000014887668B990  Unknown               Unknown  Unknown
libuct_ib.so.0.0.  0000148856421658  Unknown               Unknown  Unknown
libucp.so.0.0.0    00001488588FEE9A  ucp_worker_progre     Unknown  Unknown
mca_pml_ucx.so     0000148858DA6397  mca_pml_ucx_progr     Unknown  Unknown
libopen-pal.so.40  000014887592172B  opal_progress         Unknown  Unknown
libmpi.so.40.20.2  0000148877D042D5  ompi_request_defa     Unknown  Unknown
libmpi.so.40.20.2  0000148877D4713F  PMPI_Waitall          Unknown  Unknown
libmpi_mpifh.so    0000148876C6E7ED  Unknown               Unknown  Unknown
cice_auscom_360x3  0000000000BC7AE0  Unknown               Unknown  Unknown
cice_auscom_360x3  0000000000BC6A99  Unknown               Unknown  Unknown
cice_auscom_360x3  0000000000AD3F78  mod_oasis_advance        1099  mod_oasis_advance.F90
cice_auscom_360x3  00000000009D41C8  mod_oasis_getput_         665  mod_oasis_getput_interface.F90
cice_auscom_360x3  000000000046A1CF  cpl_interface_mp_         485  cpl_interface.f90
cice_auscom_360x3  0000000000415E4C  cice_runmod_mp_ci         138  CICE_RunMod.f90
cice_auscom_360x3  0000000000411292  MAIN__                     70  CICE.f90
cice_auscom_360x3  0000000000411222  Unknown               Unknown  Unknown
libc-2.28.so       00001488760D87E5  __libc_start_main     Unknown  Unknown
cice_auscom_360x3  000000000041112E  Unknown               Unknown  Unknown
forrtl: error (78): process killed (SIGTERM)
Image              PC                Routine            Line        Source             
fms_ACCESS-OM_730  0000000001D184C4  Unknown               Unknown  Unknown
libpthread-2.28.s  000014D2F6AFE990  Unknown               Unknown  Unknown
libopen-pal.so.40  000014D2F1E58C35  Unknown               Unknown  Unknown
libopen-pal.so.40  000014D2F1DF55F4  Unknown               Unknown  Unknown
libopen-pal.so.40  000014D2F1DF577B  opal_progress         Unknown  Unknown
libmpi.so.40.20.2  000014D2F70DD2D5  ompi_request_defa     Unknown  Unknown
libmpi.so.40.20.2  000014D2F712013F  PMPI_Waitall          Unknown  Unknown
libmpi_mpifh.so    000014D2F74157ED  Unknown               Unknown  Unknown
fms_ACCESS-OM_730  0000000001BB4320  Unknown               Unknown  Unknown
fms_ACCESS-OM_730  0000000001BB32D9  Unknown               Unknown  Unknown
fms_ACCESS-OM_730  0000000001AC12B3  mod_oasis_advance        1130  mod_oasis_advance.F90
fms_ACCESS-OM_730  00000000019C2A58  mod_oasis_getput_         766  mod_oasis_getput_interface.F90
fms_ACCESS-OM_730  0000000000411D4C  mom_oasis3_interf         701  mom_oasis3_interface.F90
fms_ACCESS-OM_730  0000000000421943  MAIN__                    645  ocean_solo.F90
fms_ACCESS-OM_730  000000000040F822  Unknown               Unknown  Unknown
libc-2.28.so       000014D2F674F7E5  __libc_start_main     Unknown  Unknown
fms_ACCESS-OM_730  000000000040F72E  Unknown               Unknown  Unknown
forrtl: error (78): process killed (SIGTERM)
Image              PC                Routine            Line        Source             
fms_ACCESS-OM_730  0000000001D184C4  Unknown               Unknown  Unknown
libpthread-2.28.s  000015473BD1D990  Unknown               Unknown  Unknown
libuct.so.0.0.0    000015471DCA93AB  Unknown               Unknown  Unknown
libucp.so.0.0.0    000015471DF12E9A  ucp_worker_progre     Unknown  Unknown
mca_pml_ucx.so     0000154728185397  mca_pml_ucx_progr     Unknown  Unknown
libopen-pal.so.40  000015473701472B  opal_progress         Unknown  Unknown
libmpi.so.40.20.2  000015473C2FC2D5  ompi_request_defa     Unknown  Unknown
libmpi.so.40.20.2  000015473C33F13F  PMPI_Waitall          Unknown  Unknown
libmpi_mpifh.so    000015473C6347ED  Unknown               Unknown  Unknown
fms_ACCESS-OM_730  0000000001BB4320  Unknown               Unknown  Unknown
fms_ACCESS-OM_730  0000000001BB32D9  Unknown               Unknown  Unknown
fms_ACCESS-OM_730  0000000001AC12B3  mod_oasis_advance        1130  mod_oasis_advance.F90
fms_ACCESS-OM_730  00000000019C2A58  mod_oasis_getput_         766  mod_oasis_getput_interface.F90
fms_ACCESS-OM_730  0000000000411D4C  mom_oasis3_interf         701  mom_oasis3_interface.F90
fms_ACCESS-OM_730  0000000000421943  MAIN__                    645  ocean_solo.F90
fms_ACCESS-OM_730  000000000040F822  Unknown               Unknown  Unknown
libc-2.28.so       000015473B96E7E5  __libc_start_main     Unknown  Unknown
fms_ACCESS-OM_730  000000000040F72E  Unknown               Unknown  Unknown
forrtl: error (78): process killed (SIGTERM)
Image              PC                Routine            Line        Source             
fms_ACCESS-OM_730  0000000001D184C4  Unknown               Unknown  Unknown
libpthread-2.28.s  0000153BDEF8F990  Unknown               Unknown  Unknown
libopen-pal.so.40  0000153BDA28678B  opal_progress         Unknown  Unknown
libmpi.so.40.20.2  0000153BDF56E2D5  ompi_request_defa     Unknown  Unknown
libmpi.so.40.20.2  0000153BDF5B113F  PMPI_Waitall          Unknown  Unknown
libmpi_mpifh.so    0000153BDF8A67ED  Unknown               Unknown  Unknown
fms_ACCESS-OM_730  0000000001BB4320  Unknown               Unknown  Unknown
fms_ACCESS-OM_730  0000000001BB32D9  Unknown               Unknown  Unknown
fms_ACCESS-OM_730  0000000001AC12B3  mod_oasis_advance        1130  mod_oasis_advance.F90
fms_ACCESS-OM_730  00000000019C2A58  mod_oasis_getput_         766  mod_oasis_getput_interface.F90
fms_ACCESS-OM_730  0000000000411D4C  mom_oasis3_interf         701  mom_oasis3_interface.F90
fms_ACCESS-OM_730  0000000000421943  MAIN__                    645  ocean_solo.F90
fms_ACCESS-OM_730  000000000040F822  Unknown               Unknown  Unknown
libc-2.28.so       0000153BDEBE07E5  __libc_start_main     Unknown  Unknown
fms_ACCESS-OM_730  000000000040F72E  Unknown               Unknown  Unknown
forrtl: error (78): process killed (SIGTERM)
Image              PC                Routine            Line        Source             
fms_ACCESS-OM_730  0000000001D184C4  Unknown               Unknown  Unknown
libpthread-2.28.s  000014953469A990  Unknown               Unknown  Unknown
libopen-pal.so.40  000014952F99178B  opal_progress         Unknown  Unknown
libmpi.so.40.20.2  0000149534C792D5  ompi_request_defa     Unknown  Unknown
libmpi.so.40.20.2  0000149534CBC13F  PMPI_Waitall          Unknown  Unknown
libmpi_mpifh.so    0000149534FB17ED  Unknown               Unknown  Unknown
fms_ACCESS-OM_730  0000000001BB4320  Unknown               Unknown  Unknown
fms_ACCESS-OM_730  0000000001BB32D9  Unknown               Unknown  Unknown
fms_ACCESS-OM_730  0000000001AC12B3  mod_oasis_advance        1130  mod_oasis_advance.F90
fms_ACCESS-OM_730  00000000019C2A58  mod_oasis_getput_         766  mod_oasis_getput_interface.F90
fms_ACCESS-OM_730  0000000000411D4C  mom_oasis3_interf         701  mom_oasis3_interface.F90
fms_ACCESS-OM_730  0000000000421943  MAIN__                    645  ocean_solo.F90
fms_ACCESS-OM_730  000000000040F822  Unknown               Unknown  Unknown
libc-2.28.so       00001495342EB7E5  __libc_start_main     Unknown  Unknown
fms_ACCESS-OM_730  000000000040F72E  Unknown               Unknown  Unknown
forrtl: error (78): process killed (SIGTERM)
Image              PC                Routine            Line        Source             
fms_ACCESS-OM_730  0000000001D184C4  Unknown               Unknown  Unknown
libpthread-2.28.s  000014C047E74990  Unknown               Unknown  Unknown
hmca_bcol_ucx_p2p  000014C01786D0BD  Unknown               Unknown  Unknown
libhcoll.so.1.0.1  000014C025A0BA23  hcoll_ml_progress     Unknown  Unknown
libopen-pal.so.40  000014C04316B72B  opal_progress         Unknown  Unknown
libmpi.so.40.20.2  000014C0484532D5  ompi_request_defa     Unknown  Unknown
libmpi.so.40.20.2  000014C04849613F  PMPI_Waitall          Unknown  Unknown
libmpi_mpifh.so    000014C04878B7ED  Unknown               Unknown  Unknown
fms_ACCESS-OM_730  0000000001BB4320  Unknown               Unknown  Unknown
fms_ACCESS-OM_730  0000000001BB32D9  Unknown               Unknown  Unknown
fms_ACCESS-OM_730  0000000001AC12B3  mod_oasis_advance        1130  mod_oasis_advance.F90
fms_ACCESS-OM_730  00000000019C2A58  mod_oasis_getput_         766  mod_oasis_getput_interface.F90
fms_ACCESS-OM_730  0000000000411D4C  mom_oasis3_interf         701  mom_oasis3_interface.F90
fms_ACCESS-OM_730  0000000000421943  MAIN__                    645  ocean_solo.F90
fms_ACCESS-OM_730  000000000040F822  Unknown               Unknown  Unknown
libc-2.28.so       000014C047AC57E5  __libc_start_main     Unknown  Unknown
fms_ACCESS-OM_730  000000000040F72E  Unknown               Unknown  Unknown
forrtl: error (78): process killed (SIGTERM)
Image              PC                Routine            Line        Source             
fms_ACCESS-OM_730  0000000001D184C4  Unknown               Unknown  Unknown
libpthread-2.28.s  0000153147B47990  Unknown               Unknown  Unknown
libuct_ib.so.0.0.  0000153127A35F40  Unknown               Unknown  Unknown
libucp.so.0.0.0    0000153129F12E9A  ucp_worker_progre     Unknown  Unknown
mca_pml_ucx.so     0000153134082397  mca_pml_ucx_progr     Unknown  Unknown
libopen-pal.so.40  0000153142E3E72B  opal_progress         Unknown  Unknown
libmpi.so.40.20.2  00001531481262D5  ompi_request_defa     Unknown  Unknown
libmpi.so.40.20.2  000015314816913F  PMPI_Waitall          Unknown  Unknown
libmpi_mpifh.so    000015314845E7ED  Unknown               Unknown  Unknown
fms_ACCESS-OM_730  0000000001BB4320  Unknown               Unknown  Unknown
fms_ACCESS-OM_730  0000000001BB32D9  Unknown               Unknown  Unknown
fms_ACCESS-OM_730  0000000001AC12B3  mod_oasis_advance        1130  mod_oasis_advance.F90
fms_ACCESS-OM_730  00000000019C2A58  mod_oasis_getput_         766  mod_oasis_getput_interface.F90
fms_ACCESS-OM_730  0000000000411D4C  mom_oasis3_interf         701  mom_oasis3_interface.F90
fms_ACCESS-OM_730  0000000000421943  MAIN__                    645  ocean_solo.F90
fms_ACCESS-OM_730  000000000040F822  Unknown               Unknown  Unknown
libc-2.28.so       00001531477987E5  __libc_start_main     Unknown  Unknown
fms_ACCESS-OM_730  000000000040F72E  Unknown               Unknown  Unknown
forrtl: error (78): process killed (SIGTERM)
Image              PC                Routine            Line        Source             
fms_ACCESS-OM_730  0000000001D184C4  Unknown               Unknown  Unknown
libpthread-2.28.s  0000154CED6B7990  Unknown               Unknown  Unknown
libopen-pal.so.40  0000154CE89AE723  opal_progress         Unknown  Unknown
libmpi.so.40.20.2  0000154CEDC962D5  ompi_request_defa     Unknown  Unknown
libmpi.so.40.20.2  0000154CEDCD913F  PMPI_Waitall          Unknown  Unknown
libmpi_mpifh.so    0000154CEDFCE7ED  Unknown               Unknown  Unknown
fms_ACCESS-OM_730  0000000001BB4320  Unknown               Unknown  Unknown
fms_ACCESS-OM_730  0000000001BB32D9  Unknown               Unknown  Unknown
fms_ACCESS-OM_730  0000000001AC12B3  mod_oasis_advance        1130  mod_oasis_advance.F90
fms_ACCESS-OM_730  00000000019C2A58  mod_oasis_getput_         766  mod_oasis_getput_interface.F90
fms_ACCESS-OM_730  0000000000411D4C  mom_oasis3_interf         701  mom_oasis3_interface.F90
fms_ACCESS-OM_730  0000000000421943  MAIN__                    645  ocean_solo.F90
fms_ACCESS-OM_730  000000000040F822  Unknown               Unknown  Unknown
libc-2.28.so       0000154CED3087E5  __libc_start_main     Unknown  Unknown
fms_ACCESS-OM_730  000000000040F72E  Unknown               Unknown  Unknown
forrtl: error (78): process killed (SIGTERM)
Image              PC                Routine            Line        Source             
fms_ACCESS-OM_730  0000000001D184C4  Unknown               Unknown  Unknown
libpthread-2.28.s  000015087763F990  Unknown               Unknown  Unknown
libucp.so.0.0.0    00001508646C9E5B  ucp_worker_progre     Unknown  Unknown
mca_pml_ucx.so     0000150864B71397  mca_pml_ucx_progr     Unknown  Unknown
libopen-pal.so.40  000015087293672B  opal_progress         Unknown  Unknown
libmpi.so.40.20.2  0000150877C1E2D5  ompi_request_defa     Unknown  Unknown
libmpi.so.40.20.2  0000150877C6113F  PMPI_Waitall          Unknown  Unknown
libmpi_mpifh.so    0000150877F567ED  Unknown               Unknown  Unknown
fms_ACCESS-OM_730  0000000001BB4320  Unknown               Unknown  Unknown
fms_ACCESS-OM_730  0000000001BB32D9  Unknown               Unknown  Unknown
fms_ACCESS-OM_730  0000000001AC12B3  mod_oasis_advance        1130  mod_oasis_advance.F90
fms_ACCESS-OM_730  00000000019C2A58  mod_oasis_getput_         766  mod_oasis_getput_interface.F90
fms_ACCESS-OM_730  0000000000411D4C  mom_oasis3_interf         701  mom_oasis3_interface.F90
fms_ACCESS-OM_730  0000000000421943  MAIN__                    645  ocean_solo.F90
fms_ACCESS-OM_730  000000000040F822  Unknown               Unknown  Unknown
libc-2.28.so       00001508772907E5  __libc_start_main     Unknown  Unknown
fms_ACCESS-OM_730  000000000040F72E  Unknown               Unknown  Unknown
forrtl: error (78): process killed (SIGTERM)
Image              PC                Routine            Line        Source             
fms_ACCESS-OM_730  0000000001D184C4  Unknown               Unknown  Unknown
libpthread-2.28.s  000014E5D7DFC990  Unknown               Unknown  Unknown
libuct.so.0.0.0    000014E5B9EAE214  Unknown               Unknown  Unknown
libucp.so.0.0.0    000014E5BA117E9A  ucp_worker_progre     Unknown  Unknown
mca_pml_ucx.so     000014E5C4288397  mca_pml_ucx_progr     Unknown  Unknown
libopen-pal.so.40  000014E5D30F372B  opal_progress         Unknown  Unknown
libmpi.so.40.20.2  000014E5D83DB2D5  ompi_request_defa     Unknown  Unknown
libmpi.so.40.20.2  000014E5D841E13F  PMPI_Waitall          Unknown  Unknown
libmpi_mpifh.so    000014E5D87137ED  Unknown               Unknown  Unknown
fms_ACCESS-OM_730  0000000001BB4320  Unknown               Unknown  Unknown
fms_ACCESS-OM_730  0000000001BB32D9  Unknown               Unknown  Unknown
fms_ACCESS-OM_730  0000000001AC12B3  mod_oasis_advance        1130  mod_oasis_advance.F90
fms_ACCESS-OM_730  00000000019C2A58  mod_oasis_getput_         766  mod_oasis_getput_interface.F90
fms_ACCESS-OM_730  0000000000411D4C  mom_oasis3_interf         701  mom_oasis3_interface.F90
fms_ACCESS-OM_730  0000000000421943  MAIN__                    645  ocean_solo.F90
fms_ACCESS-OM_730  000000000040F822  Unknown               Unknown  Unknown
libc-2.28.so       000014E5D7A4D7E5  __libc_start_main     Unknown  Unknown
fms_ACCESS-OM_730  000000000040F72E  Unknown               Unknown  Unknown
forrtl: error (78): process killed (SIGTERM)
Image              PC                Routine            Line        Source             
fms_ACCESS-OM_730  0000000001D184C4  Unknown               Unknown  Unknown
libpthread-2.28.s  00001482C439C990  Unknown               Unknown  Unknown
mca_coll_libnbc.s  00001482A185A022  ompi_coll_libnbc_     Unknown  Unknown
libopen-pal.so.40  00001482BF69372B  opal_progress         Unknown  Unknown
libmpi.so.40.20.2  00001482C497B2D5  ompi_request_defa     Unknown  Unknown
libmpi.so.40.20.2  00001482C49BE13F  PMPI_Waitall          Unknown  Unknown
libmpi_mpifh.so    00001482C4CB37ED  Unknown               Unknown  Unknown
fms_ACCESS-OM_730  0000000001BB4320  Unknown               Unknown  Unknown
fms_ACCESS-OM_730  0000000001BB32D9  Unknown               Unknown  Unknown
fms_ACCESS-OM_730  0000000001AC12B3  mod_oasis_advance        1130  mod_oasis_advance.F90
fms_ACCESS-OM_730  00000000019C2A58  mod_oasis_getput_         766  mod_oasis_getput_interface.F90
fms_ACCESS-OM_730  0000000000411D4C  mom_oasis3_interf         701  mom_oasis3_interface.F90
fms_ACCESS-OM_730  0000000000421943  MAIN__                    645  ocean_solo.F90
fms_ACCESS-OM_730  000000000040F822  Unknown               Unknown  Unknown
libc-2.28.so       00001482C3FED7E5  __libc_start_main     Unknown  Unknown
fms_ACCESS-OM_730  000000000040F72E  Unknown               Unknown  Unknown
forrtl: error (78): process killed (SIGTERM)
Image              PC                Routine            Line        Source             
fms_ACCESS-OM_730  0000000001D184C4  Unknown               Unknown  Unknown
libpthread-2.28.s  000014FE90D9A990  Unknown               Unknown  Unknown
libopen-pal.so.40  000014FE8C091708  opal_progress         Unknown  Unknown
libmpi.so.40.20.2  000014FE913792D5  ompi_request_defa     Unknown  Unknown
libmpi.so.40.20.2  000014FE913BC13F  PMPI_Waitall          Unknown  Unknown
libmpi_mpifh.so    000014FE916B17ED  Unknown               Unknown  Unknown
fms_ACCESS-OM_730  0000000001BB4320  Unknown               Unknown  Unknown
fms_ACCESS-OM_730  0000000001BB32D9  Unknown               Unknown  Unknown
fms_ACCESS-OM_730  0000000001AC12B3  mod_oasis_advance        1130  mod_oasis_advance.F90
fms_ACCESS-OM_730  00000000019C2A58  mod_oasis_getput_         766  mod_oasis_getput_interface.F90
fms_ACCESS-OM_730  0000000000411D4C  mom_oasis3_interf         701  mom_oasis3_interface.F90
fms_ACCESS-OM_730  0000000000421943  MAIN__                    645  ocean_solo.F90
fms_ACCESS-OM_730  000000000040F822  Unknown               Unknown  Unknown
libc-2.28.so       000014FE909EB7E5  __libc_start_main     Unknown  Unknown
fms_ACCESS-OM_730  000000000040F72E  Unknown               Unknown  Unknown
forrtl: error (78): process killed (SIGTERM)
Image              PC                Routine            Line        Source             
fms_ACCESS-OM_730  0000000001D184C4  Unknown               Unknown  Unknown
libpthread-2.28.s  000015335B639990  Unknown               Unknown  Unknown
libucp.so.0.0.0    00001533486C9EBC  ucp_worker_progre     Unknown  Unknown
mca_pml_ucx.so     0000153348B71397  mca_pml_ucx_progr     Unknown  Unknown
libopen-pal.so.40  000015335693072B  opal_progress         Unknown  Unknown
libmpi.so.40.20.2  000015335BC182D5  ompi_request_defa     Unknown  Unknown
libmpi.so.40.20.2  000015335BC5B13F  PMPI_Waitall          Unknown  Unknown
libmpi_mpifh.so    000015335BF507ED  Unknown               Unknown  Unknown
fms_ACCESS-OM_730  0000000001BB4320  Unknown               Unknown  Unknown
fms_ACCESS-OM_730  0000000001BB32D9  Unknown               Unknown  Unknown
fms_ACCESS-OM_730  0000000001AC12B3  mod_oasis_advance        1130  mod_oasis_advance.F90
fms_ACCESS-OM_730  00000000019C2A58  mod_oasis_getput_         766  mod_oasis_getput_interface.F90
fms_ACCESS-OM_730  0000000000411D4C  mom_oasis3_interf         701  mom_oasis3_interface.F90
fms_ACCESS-OM_730  0000000000421943  MAIN__                    645  ocean_solo.F90
fms_ACCESS-OM_730  000000000040F822  Unknown               Unknown  Unknown
libc-2.28.so       000015335B28A7E5  __libc_start_main     Unknown  Unknown
fms_ACCESS-OM_730  000000000040F72E  Unknown               Unknown  Unknown
forrtl: error (78): process killed (SIGTERM)
Image              PC                Routine            Line        Source             
fms_ACCESS-OM_730  0000000001D184C4  Unknown               Unknown  Unknown
libpthread-2.28.s  0000147D1631A990  Unknown               Unknown  Unknown
libucp.so.0.0.0    0000147CF86FBEF6  ucp_worker_progre     Unknown  Unknown
mca_pml_ucx.so     0000147CF8BA3397  mca_pml_ucx_progr     Unknown  Unknown
libopen-pal.so.40  0000147D1161172B  opal_progress         Unknown  Unknown
libmpi.so.40.20.2  0000147D168F92D5  ompi_request_defa     Unknown  Unknown
libmpi.so.40.20.2  0000147D1693C13F  PMPI_Waitall          Unknown  Unknown
libmpi_mpifh.so    0000147D16C317ED  Unknown               Unknown  Unknown
fms_ACCESS-OM_730  0000000001BB4320  Unknown               Unknown  Unknown
fms_ACCESS-OM_730  0000000001BB32D9  Unknown               Unknown  Unknown
fms_ACCESS-OM_730  0000000001AC12B3  mod_oasis_advance        1130  mod_oasis_advance.F90
fms_ACCESS-OM_730  00000000019C2A58  mod_oasis_getput_         766  mod_oasis_getput_interface.F90
fms_ACCESS-OM_730  0000000000411D4C  mom_oasis3_interf         701  mom_oasis3_interface.F90
fms_ACCESS-OM_730  0000000000421943  MAIN__                    645  ocean_solo.F90
fms_ACCESS-OM_730  000000000040F822  Unknown               Unknown  Unknown
libc-2.28.so       0000147D15F6B7E5  __libc_start_main     Unknown  Unknown
fms_ACCESS-OM_730  000000000040F72E  Unknown               Unknown  Unknown
forrtl: error (78): process killed (SIGTERM)
Image              PC                Routine            Line        Source             
fms_ACCESS-OM_730  0000000001D184C4  Unknown               Unknown  Unknown
libpthread-2.28.s  00001531C334F990  Unknown               Unknown  Unknown
mca_pml_ucx.so     00001531B086A380  mca_pml_ucx_progr     Unknown  Unknown
libopen-pal.so.40  00001531BE64672B  opal_progress         Unknown  Unknown
libmpi.so.40.20.2  00001531C392E2D5  ompi_request_defa     Unknown  Unknown
libmpi.so.40.20.2  00001531C397113F  PMPI_Waitall          Unknown  Unknown
libmpi_mpifh.so    00001531C3C667ED  Unknown               Unknown  Unknown
fms_ACCESS-OM_730  0000000001BB4320  Unknown               Unknown  Unknown
fms_ACCESS-OM_730  0000000001BB32D9  Unknown               Unknown  Unknown
fms_ACCESS-OM_730  0000000001AC12B3  mod_oasis_advance        1130  mod_oasis_advance.F90
fms_ACCESS-OM_730  00000000019C2A58  mod_oasis_getput_         766  mod_oasis_getput_interface.F90
fms_ACCESS-OM_730  0000000000411D4C  mom_oasis3_interf         701  mom_oasis3_interface.F90
fms_ACCESS-OM_730  0000000000421943  MAIN__                    645  ocean_solo.F90
fms_ACCESS-OM_730  000000000040F822  Unknown               Unknown  Unknown
libc-2.28.so       00001531C2FA07E5  __libc_start_main     Unknown  Unknown
fms_ACCESS-OM_730  000000000040F72E  Unknown               Unknown  Unknown
forrtl: error (78): process killed (SIGTERM)
Image              PC                Routine            Line        Source             
fms_ACCESS-OM_730  0000000001D184C4  Unknown               Unknown  Unknown
libpthread-2.28.s  000014845F3BE990  Unknown               Unknown  Unknown
libuct.so.0.0.0    000014844C159386  Unknown               Unknown  Unknown
libucp.so.0.0.0    000014844C3C2E9A  ucp_worker_progre     Unknown  Unknown
mca_pml_ucx.so     000014844C86A397  mca_pml_ucx_progr     Unknown  Unknown
libopen-pal.so.40  000014845A6B572B  opal_progress         Unknown  Unknown
libmpi.so.40.20.2  000014845F99D2D5  ompi_request_defa     Unknown  Unknown
libmpi.so.40.20.2  000014845F9E013F  PMPI_Waitall          Unknown  Unknown
libmpi_mpifh.so    000014845FCD57ED  Unknown               Unknown  Unknown
fms_ACCESS-OM_730  0000000001BB4320  Unknown               Unknown  Unknown
fms_ACCESS-OM_730  0000000001BB32D9  Unknown               Unknown  Unknown
fms_ACCESS-OM_730  0000000001AC12B3  mod_oasis_advance        1130  mod_oasis_advance.F90
fms_ACCESS-OM_730  00000000019C2A58  mod_oasis_getput_         766  mod_oasis_getput_interface.F90
fms_ACCESS-OM_730  0000000000411D4C  mom_oasis3_interf         701  mom_oasis3_interface.F90
fms_ACCESS-OM_730  0000000000421943  MAIN__                    645  ocean_solo.F90
fms_ACCESS-OM_730  000000000040F822  Unknown               Unknown  Unknown
libc-2.28.so       000014845F00F7E5  __libc_start_main     Unknown  Unknown
fms_ACCESS-OM_730  000000000040F72E  Unknown               Unknown  Unknown
forrtl: error (78): process killed (SIGTERM)
Image              PC                Routine            Line        Source             
fms_ACCESS-OM_730  0000000001D184C4  Unknown               Unknown  Unknown
libpthread-2.28.s  0000151AD18A7990  Unknown               Unknown  Unknown
libuct.so.0.0.0    0000151ABD6A934C  Unknown               Unknown  Unknown
libucp.so.0.0.0    0000151ABD912E9A  ucp_worker_progre     Unknown  Unknown
mca_pml_ucx.so     0000151ABDDBA397  mca_pml_ucx_progr     Unknown  Unknown
libopen-pal.so.40  0000151ACCB9E72B  opal_progress         Unknown  Unknown
libmpi.so.40.20.2  0000151AD1E862D5  ompi_request_defa     Unknown  Unknown
libmpi.so.40.20.2  0000151AD1EC913F  PMPI_Waitall          Unknown  Unknown
libmpi_mpifh.so    0000151AD21BE7ED  Unknown               Unknown  Unknown
fms_ACCESS-OM_730  0000000001BB4320  Unknown               Unknown  Unknown
fms_ACCESS-OM_730  0000000001BB32D9  Unknown               Unknown  Unknown
fms_ACCESS-OM_730  0000000001AC12B3  mod_oasis_advance        1130  mod_oasis_advance.F90
fms_ACCESS-OM_730  00000000019C2A58  mod_oasis_getput_         766  mod_oasis_getput_interface.F90
fms_ACCESS-OM_730  0000000000411D4C  mom_oasis3_interf         701  mom_oasis3_interface.F90
fms_ACCESS-OM_730  0000000000421943  MAIN__                    645  ocean_solo.F90
fms_ACCESS-OM_730  000000000040F822  Unknown               Unknown  Unknown
libc-2.28.so       0000151AD14F87E5  __libc_start_main     Unknown  Unknown
fms_ACCESS-OM_730  000000000040F72E  Unknown               Unknown  Unknown
forrtl: error (78): process killed (SIGTERM)
Image              PC                Routine            Line        Source             
fms_ACCESS-OM_730  0000000001D184C4  Unknown               Unknown  Unknown
libpthread-2.28.s  000014DC80DD9990  Unknown               Unknown  Unknown
libopen-pal.so.40  000014DC7C0D0700  opal_progress         Unknown  Unknown
libmpi.so.40.20.2  000014DC813B82D5  ompi_request_defa     Unknown  Unknown
libmpi.so.40.20.2  000014DC813FB13F  PMPI_Waitall          Unknown  Unknown
libmpi_mpifh.so    000014DC816F07ED  Unknown               Unknown  Unknown
fms_ACCESS-OM_730  0000000001BB4320  Unknown               Unknown  Unknown
fms_ACCESS-OM_730  0000000001BB32D9  Unknown               Unknown  Unknown
fms_ACCESS-OM_730  0000000001AC12B3  mod_oasis_advance        1130  mod_oasis_advance.F90
fms_ACCESS-OM_730  00000000019C2A58  mod_oasis_getput_         766  mod_oasis_getput_interface.F90
fms_ACCESS-OM_730  0000000000411D4C  mom_oasis3_interf         701  mom_oasis3_interface.F90
fms_ACCESS-OM_730  0000000000421943  MAIN__                    645  ocean_solo.F90
fms_ACCESS-OM_730  000000000040F822  Unknown               Unknown  Unknown
libc-2.28.so       000014DC80A2A7E5  __libc_start_main     Unknown  Unknown
fms_ACCESS-OM_730  000000000040F72E  Unknown               Unknown  Unknown
forrtl: error (78): process killed (SIGTERM)
Image              PC                Routine            Line        Source             
fms_ACCESS-OM_730  0000000001D184C4  Unknown               Unknown  Unknown
libpthread-2.28.s  000014C4F8839990  Unknown               Unknown  Unknown
libopen-pal.so.40  000014C4F3B30700  opal_progress         Unknown  Unknown
libmpi.so.40.20.2  000014C4F8E182D5  ompi_request_defa     Unknown  Unknown
libmpi.so.40.20.2  000014C4F8E5B13F  PMPI_Waitall          Unknown  Unknown
libmpi_mpifh.so    000014C4F91507ED  Unknown               Unknown  Unknown
fms_ACCESS-OM_730  0000000001BB4320  Unknown               Unknown  Unknown
fms_ACCESS-OM_730  0000000001BB32D9  Unknown               Unknown  Unknown
fms_ACCESS-OM_730  0000000001AC12B3  mod_oasis_advance        1130  mod_oasis_advance.F90
fms_ACCESS-OM_730  00000000019C2A58  mod_oasis_getput_         766  mod_oasis_getput_interface.F90
fms_ACCESS-OM_730  0000000000411D4C  mom_oasis3_interf         701  mom_oasis3_interface.F90
fms_ACCESS-OM_730  0000000000421943  MAIN__                    645  ocean_solo.F90
fms_ACCESS-OM_730  000000000040F822  Unknown               Unknown  Unknown
libc-2.28.so       000014C4F848A7E5  __libc_start_main     Unknown  Unknown
fms_ACCESS-OM_730  000000000040F72E  Unknown               Unknown  Unknown
forrtl: error (78): process killed (SIGTERM)
Image              PC                Routine            Line        Source             
fms_ACCESS-OM_730  0000000001D184C4  Unknown               Unknown  Unknown
libpthread-2.28.s  0000145CB7B7F990  Unknown               Unknown  Unknown
libuct.so.0.0.0    0000145C99CA923A  Unknown               Unknown  Unknown
libucp.so.0.0.0    0000145C99F12E9A  ucp_worker_progre     Unknown  Unknown
mca_pml_ucx.so     0000145CA4084397  mca_pml_ucx_progr     Unknown  Unknown
libopen-pal.so.40  0000145CB2E7672B  opal_progress         Unknown  Unknown
libmpi.so.40.20.2  0000145CB815E2D5  ompi_request_defa     Unknown  Unknown
libmpi.so.40.20.2  0000145CB81A113F  PMPI_Waitall          Unknown  Unknown
libmpi_mpifh.so    0000145CB84967ED  Unknown               Unknown  Unknown
fms_ACCESS-OM_730  0000000001BB4320  Unknown               Unknown  Unknown
fms_ACCESS-OM_730  0000000001BB32D9  Unknown               Unknown  Unknown
fms_ACCESS-OM_730  0000000001AC12B3  mod_oasis_advance        1130  mod_oasis_advance.F90
fms_ACCESS-OM_730  00000000019C2A58  mod_oasis_getput_         766  mod_oasis_getput_interface.F90
fms_ACCESS-OM_730  0000000000411D4C  mom_oasis3_interf         701  mom_oasis3_interface.F90
fms_ACCESS-OM_730  0000000000421943  MAIN__                    645  ocean_solo.F90
fms_ACCESS-OM_730  000000000040F822  Unknown               Unknown  Unknown
libc-2.28.so       0000145CB77D07E5  __libc_start_main     Unknown  Unknown
fms_ACCESS-OM_730  000000000040F72E  Unknown               Unknown  Unknown
forrtl: error (78): process killed (SIGTERM)
Image              PC                Routine            Line        Source             
fms_ACCESS-OM_730  0000000001D184C4  Unknown               Unknown  Unknown
libpthread-2.28.s  0000153393753990  Unknown               Unknown  Unknown
libuct.so.0.0.0    000015338056323A  Unknown               Unknown  Unknown
libucp.so.0.0.0    00001533807CCE9A  ucp_worker_progre     Unknown  Unknown
mca_pml_ucx.so     0000153380C74397  mca_pml_ucx_progr     Unknown  Unknown
libopen-pal.so.40  000015338EA4A72B  opal_progress         Unknown  Unknown
libmpi.so.40.20.2  0000153393D322D5  ompi_request_defa     Unknown  Unknown
libmpi.so.40.20.2  0000153393D7513F  PMPI_Waitall          Unknown  Unknown
libmpi_mpifh.so    000015339406A7ED  Unknown               Unknown  Unknown
fms_ACCESS-OM_730  0000000001BB4320  Unknown               Unknown  Unknown
fms_ACCESS-OM_730  0000000001BB32D9  Unknown               Unknown  Unknown
fms_ACCESS-OM_730  0000000001AC12B3  mod_oasis_advance        1130  mod_oasis_advance.F90
fms_ACCESS-OM_730  00000000019C2A58  mod_oasis_getput_         766  mod_oasis_getput_interface.F90
fms_ACCESS-OM_730  0000000000411D4C  mom_oasis3_interf         701  mom_oasis3_interface.F90
fms_ACCESS-OM_730  0000000000421943  MAIN__                    645  ocean_solo.F90
fms_ACCESS-OM_730  000000000040F822  Unknown               Unknown  Unknown
libc-2.28.so       00001533933A47E5  __libc_start_main     Unknown  Unknown
fms_ACCESS-OM_730  000000000040F72E  Unknown               Unknown  Unknown
forrtl: error (78): process killed (SIGTERM)
Image              PC                Routine            Line        Source             
fms_ACCESS-OM_730  0000000001D184C4  Unknown               Unknown  Unknown
libpthread-2.28.s  0000149E7AFB9990  Unknown               Unknown  Unknown
libopen-pal.so.40  0000149E762B0723  opal_progress         Unknown  Unknown
libmpi.so.40.20.2  0000149E7B5982D5  ompi_request_defa     Unknown  Unknown
libmpi.so.40.20.2  0000149E7B5DB13F  PMPI_Waitall          Unknown  Unknown
libmpi_mpifh.so    0000149E7B8D07ED  Unknown               Unknown  Unknown
fms_ACCESS-OM_730  0000000001BB4320  Unknown               Unknown  Unknown
fms_ACCESS-OM_730  0000000001BB32D9  Unknown               Unknown  Unknown
fms_ACCESS-OM_730  0000000001AC12B3  mod_oasis_advance        1130  mod_oasis_advance.F90
fms_ACCESS-OM_730  00000000019C2A58  mod_oasis_getput_         766  mod_oasis_getput_interface.F90
fms_ACCESS-OM_730  0000000000411D4C  mom_oasis3_interf         701  mom_oasis3_interface.F90
fms_ACCESS-OM_730  0000000000421943  MAIN__                    645  ocean_solo.F90
fms_ACCESS-OM_730  000000000040F822  Unknown               Unknown  Unknown
libc-2.28.so       0000149E7AC0A7E5  __libc_start_main     Unknown  Unknown
fms_ACCESS-OM_730  000000000040F72E  Unknown               Unknown  Unknown
forrtl: error (78): process killed (SIGTERM)
Image              PC                Routine            Line        Source             
fms_ACCESS-OM_730  0000000001D184C4  Unknown               Unknown  Unknown
libpthread-2.28.s  00001547273FB990  Unknown               Unknown  Unknown
libuct.so.0.0.0    000015471415923A  Unknown               Unknown  Unknown
libucp.so.0.0.0    00001547143C2E9A  ucp_worker_progre     Unknown  Unknown
mca_pml_ucx.so     000015471486A397  mca_pml_ucx_progr     Unknown  Unknown
libopen-pal.so.40  00001547226F272B  opal_progress         Unknown  Unknown
libmpi.so.40.20.2  00001547279DA2D5  ompi_request_defa     Unknown  Unknown
libmpi.so.40.20.2  0000154727A1D13F  PMPI_Waitall          Unknown  Unknown
libmpi_mpifh.so    0000154727D127ED  Unknown               Unknown  Unknown
fms_ACCESS-OM_730  0000000001BB4320  Unknown               Unknown  Unknown
fms_ACCESS-OM_730  0000000001BB32D9  Unknown               Unknown  Unknown
fms_ACCESS-OM_730  0000000001AC12B3  mod_oasis_advance        1130  mod_oasis_advance.F90
fms_ACCESS-OM_730  00000000019C2A58  mod_oasis_getput_         766  mod_oasis_getput_interface.F90
fms_ACCESS-OM_730  0000000000411D4C  mom_oasis3_interf         701  mom_oasis3_interface.F90
fms_ACCESS-OM_730  0000000000421943  MAIN__                    645  ocean_solo.F90
fms_ACCESS-OM_730  000000000040F822  Unknown               Unknown  Unknown
libc-2.28.so       000015472704C7E5  __libc_start_main     Unknown  Unknown
fms_ACCESS-OM_730  000000000040F72E  Unknown               Unknown  Unknown
forrtl: error (78): process killed (SIGTERM)
Image              PC                Routine            Line        Source             
fms_ACCESS-OM_730  0000000001D184C4  Unknown               Unknown  Unknown
libpthread-2.28.s  000014D238EB6990  Unknown               Unknown  Unknown
libopen-pal.so.40  000014D2341AD708  opal_progress         Unknown  Unknown
libmpi.so.40.20.2  000014D2394952D5  ompi_request_defa     Unknown  Unknown
libmpi.so.40.20.2  000014D2394D813F  PMPI_Waitall          Unknown  Unknown
libmpi_mpifh.so    000014D2397CD7ED  Unknown               Unknown  Unknown
fms_ACCESS-OM_730  0000000001BB4320  Unknown               Unknown  Unknown
fms_ACCESS-OM_730  0000000001BB32D9  Unknown               Unknown  Unknown
fms_ACCESS-OM_730  0000000001AC12B3  mod_oasis_advance        1130  mod_oasis_advance.F90
fms_ACCESS-OM_730  00000000019C2A58  mod_oasis_getput_         766  mod_oasis_getput_interface.F90
fms_ACCESS-OM_730  0000000000411D4C  mom_oasis3_interf         701  mom_oasis3_interface.F90
fms_ACCESS-OM_730  0000000000421943  MAIN__                    645  ocean_solo.F90
fms_ACCESS-OM_730  000000000040F822  Unknown               Unknown  Unknown
libc-2.28.so       000014D238B077E5  __libc_start_main     Unknown  Unknown
fms_ACCESS-OM_730  000000000040F72E  Unknown               Unknown  Unknown
forrtl: error (78): process killed (SIGTERM)
Image              PC                Routine            Line        Source             
fms_ACCESS-OM_730  0000000001D184C4  Unknown               Unknown  Unknown
libpthread-2.28.s  000014A592DC0990  Unknown               Unknown  Unknown
libuct_ib.so.0.0.  000014A572C3AB76  Unknown               Unknown  Unknown
libucp.so.0.0.0    000014A575117E9A  ucp_worker_progre     Unknown  Unknown
mca_pml_ucx.so     000014A58023E397  mca_pml_ucx_progr     Unknown  Unknown
libopen-pal.so.40  000014A58E0B772B  opal_progress         Unknown  Unknown
libmpi.so.40.20.2  000014A59339F2D5  ompi_request_defa     Unknown  Unknown
libmpi.so.40.20.2  000014A5933E213F  PMPI_Waitall          Unknown  Unknown
libmpi_mpifh.so    000014A5936D77ED  Unknown               Unknown  Unknown
fms_ACCESS-OM_730  0000000001BB4320  Unknown               Unknown  Unknown
fms_ACCESS-OM_730  0000000001BB32D9  Unknown               Unknown  Unknown
fms_ACCESS-OM_730  0000000001AC12B3  mod_oasis_advance        1130  mod_oasis_advance.F90
fms_ACCESS-OM_730  00000000019C2A58  mod_oasis_getput_         766  mod_oasis_getput_interface.F90
fms_ACCESS-OM_730  0000000000411D4C  mom_oasis3_interf         701  mom_oasis3_interface.F90
fms_ACCESS-OM_730  0000000000421943  MAIN__                    645  ocean_solo.F90
fms_ACCESS-OM_730  000000000040F822  Unknown               Unknown  Unknown
libc-2.28.so       000014A592A117E5  __libc_start_main     Unknown  Unknown
fms_ACCESS-OM_730  000000000040F72E  Unknown               Unknown  Unknown
forrtl: error (78): process killed (SIGTERM)
Image              PC                Routine            Line        Source             
fms_ACCESS-OM_730  0000000001D184C4  Unknown               Unknown  Unknown
libpthread-2.28.s  000015271AE32990  Unknown               Unknown  Unknown
libucp.so.0.0.0    00001526FD117EA4  ucp_worker_progre     Unknown  Unknown
mca_pml_ucx.so     000015270833F397  mca_pml_ucx_progr     Unknown  Unknown
libopen-pal.so.40  000015271612972B  opal_progress         Unknown  Unknown
libmpi.so.40.20.2  000015271B4112D5  ompi_request_defa     Unknown  Unknown
libmpi.so.40.20.2  000015271B45413F  PMPI_Waitall          Unknown  Unknown
libmpi_mpifh.so    000015271B7497ED  Unknown               Unknown  Unknown
fms_ACCESS-OM_730  0000000001BB4320  Unknown               Unknown  Unknown
fms_ACCESS-OM_730  0000000001BB32D9  Unknown               Unknown  Unknown
fms_ACCESS-OM_730  0000000001AC12B3  mod_oasis_advance        1130  mod_oasis_advance.F90
fms_ACCESS-OM_730  00000000019C2A58  mod_oasis_getput_         766  mod_oasis_getput_interface.F90
fms_ACCESS-OM_730  0000000000411D4C  mom_oasis3_interf         701  mom_oasis3_interface.F90
fms_ACCESS-OM_730  0000000000421943  MAIN__                    645  ocean_solo.F90
fms_ACCESS-OM_730  000000000040F822  Unknown               Unknown  Unknown
libc-2.28.so       000015271AA837E5  __libc_start_main     Unknown  Unknown
fms_ACCESS-OM_730  000000000040F72E  Unknown               Unknown  Unknown
forrtl: error (78): process killed (SIGTERM)
Image              PC                Routine            Line        Source             
fms_ACCESS-OM_730  0000000001D184C4  Unknown               Unknown  Unknown
libpthread-2.28.s  000014D5A2341990  Unknown               Unknown  Unknown
libucp.so.0.0.0    000014D5846FBEF2  ucp_worker_progre     Unknown  Unknown
mca_pml_ucx.so     000014D584BA3397  mca_pml_ucx_progr     Unknown  Unknown
libopen-pal.so.40  000014D59D63872B  opal_progress         Unknown  Unknown
libmpi.so.40.20.2  000014D5A29202D5  ompi_request_defa     Unknown  Unknown
libmpi.so.40.20.2  000014D5A296313F  PMPI_Waitall          Unknown  Unknown
libmpi_mpifh.so    000014D5A2C587ED  Unknown               Unknown  Unknown
fms_ACCESS-OM_730  0000000001BB4320  Unknown               Unknown  Unknown
fms_ACCESS-OM_730  0000000001BB32D9  Unknown               Unknown  Unknown
fms_ACCESS-OM_730  0000000001AC12B3  mod_oasis_advance        1130  mod_oasis_advance.F90
fms_ACCESS-OM_730  00000000019C2A58  mod_oasis_getput_         766  mod_oasis_getput_interface.F90
fms_ACCESS-OM_730  0000000000411D4C  mom_oasis3_interf         701  mom_oasis3_interface.F90
fms_ACCESS-OM_730  0000000000421943  MAIN__                    645  ocean_solo.F90
fms_ACCESS-OM_730  000000000040F822  Unknown               Unknown  Unknown
libc-2.28.so       000014D5A1F927E5  __libc_start_main     Unknown  Unknown
fms_ACCESS-OM_730  000000000040F72E  Unknown               Unknown  Unknown
forrtl: error (78): process killed (SIGTERM)
Image              PC                Routine            Line        Source             
fms_ACCESS-OM_730  0000000001D184C4  Unknown               Unknown  Unknown
libpthread-2.28.s  0000147C2E184990  Unknown               Unknown  Unknown
libhcoll.so.1.0.1  0000147C07D27768  hcoll_ml_progress     Unknown  Unknown
libopen-pal.so.40  0000147C2947B72B  opal_progress         Unknown  Unknown
libmpi.so.40.20.2  0000147C2E7632D5  ompi_request_defa     Unknown  Unknown
libmpi.so.40.20.2  0000147C2E7A613F  PMPI_Waitall          Unknown  Unknown
libmpi_mpifh.so    0000147C2EA9B7ED  Unknown               Unknown  Unknown
fms_ACCESS-OM_730  0000000001BB4320  Unknown               Unknown  Unknown
fms_ACCESS-OM_730  0000000001BB32D9  Unknown               Unknown  Unknown
fms_ACCESS-OM_730  0000000001AC12B3  mod_oasis_advance        1130  mod_oasis_advance.F90
fms_ACCESS-OM_730  00000000019C2A58  mod_oasis_getput_         766  mod_oasis_getput_interface.F90
fms_ACCESS-OM_730  0000000000411D4C  mom_oasis3_interf         701  mom_oasis3_interface.F90
fms_ACCESS-OM_730  0000000000421943  MAIN__                    645  ocean_solo.F90
fms_ACCESS-OM_730  000000000040F822  Unknown               Unknown  Unknown
libc-2.28.so       0000147C2DDD57E5  __libc_start_main     Unknown  Unknown
fms_ACCESS-OM_730  000000000040F72E  Unknown               Unknown  Unknown
forrtl: error (78): process killed (SIGTERM)
Image              PC                Routine            Line        Source             
fms_ACCESS-OM_730  0000000001D184C4  Unknown               Unknown  Unknown
libpthread-2.28.s  000014FE620C3990  Unknown               Unknown  Unknown
libopen-pal.so.40  000014FE5D41DC35  Unknown               Unknown  Unknown
libopen-pal.so.40  000014FE5D3BA5F4  Unknown               Unknown  Unknown
libopen-pal.so.40  000014FE5D3BA77B  opal_progress         Unknown  Unknown
libmpi.so.40.20.2  000014FE626A22D5  ompi_request_defa     Unknown  Unknown
libmpi.so.40.20.2  000014FE626E513F  PMPI_Waitall          Unknown  Unknown
libmpi_mpifh.so    000014FE629DA7ED  Unknown               Unknown  Unknown
fms_ACCESS-OM_730  0000000001BB4320  Unknown               Unknown  Unknown
fms_ACCESS-OM_730  0000000001BB32D9  Unknown               Unknown  Unknown
fms_ACCESS-OM_730  0000000001AC12B3  mod_oasis_advance        1130  mod_oasis_advance.F90
fms_ACCESS-OM_730  00000000019C2A58  mod_oasis_getput_         766  mod_oasis_getput_interface.F90
fms_ACCESS-OM_730  0000000000411D4C  mom_oasis3_interf         701  mom_oasis3_interface.F90
fms_ACCESS-OM_730  0000000000421943  MAIN__                    645  ocean_solo.F90
fms_ACCESS-OM_730  000000000040F822  Unknown               Unknown  Unknown
libc-2.28.so       000014FE61D147E5  __libc_start_main     Unknown  Unknown
fms_ACCESS-OM_730  000000000040F72E  Unknown               Unknown  Unknown
forrtl: error (78): process killed (SIGTERM)
Image              PC                Routine            Line        Source             
fms_ACCESS-OM_730  0000000001D184C4  Unknown               Unknown  Unknown
libpthread-2.28.s  000014A6186C3990  Unknown               Unknown  Unknown
libucp.so.0.0.0    000014A6046E9E90  ucp_worker_progre     Unknown  Unknown
mca_pml_ucx.so     000014A604B91397  mca_pml_ucx_progr     Unknown  Unknown
libopen-pal.so.40  000014A6139BA72B  opal_progress         Unknown  Unknown
libmpi.so.40.20.2  000014A618CA22D5  ompi_request_defa     Unknown  Unknown
libmpi.so.40.20.2  000014A618CE513F  PMPI_Waitall          Unknown  Unknown
libmpi_mpifh.so    000014A618FDA7ED  Unknown               Unknown  Unknown
fms_ACCESS-OM_730  0000000001BB4320  Unknown               Unknown  Unknown
fms_ACCESS-OM_730  0000000001BB32D9  Unknown               Unknown  Unknown
fms_ACCESS-OM_730  0000000001AC12B3  mod_oasis_advance        1130  mod_oasis_advance.F90
fms_ACCESS-OM_730  00000000019C2A58  mod_oasis_getput_         766  mod_oasis_getput_interface.F90
fms_ACCESS-OM_730  0000000000411D4C  mom_oasis3_interf         701  mom_oasis3_interface.F90
fms_ACCESS-OM_730  0000000000421943  MAIN__                    645  ocean_solo.F90
fms_ACCESS-OM_730  000000000040F822  Unknown               Unknown  Unknown
libc-2.28.so       000014A6183147E5  __libc_start_main     Unknown  Unknown
fms_ACCESS-OM_730  000000000040F72E  Unknown               Unknown  Unknown
forrtl: error (78): process killed (SIGTERM)
Image              PC                Routine            Line        Source             
fms_ACCESS-OM_730  0000000001D184C4  Unknown               Unknown  Unknown
libpthread-2.28.s  000014A55FB6E990  Unknown               Unknown  Unknown
mca_pml_ucx.so     000014A54C084392  mca_pml_ucx_progr     Unknown  Unknown
libopen-pal.so.40  000014A55AE6572B  opal_progress         Unknown  Unknown
libmpi.so.40.20.2  000014A56014D2D5  ompi_request_defa     Unknown  Unknown
libmpi.so.40.20.2  000014A56019013F  PMPI_Waitall          Unknown  Unknown
libmpi_mpifh.so    000014A5604857ED  Unknown               Unknown  Unknown
fms_ACCESS-OM_730  0000000001BB4320  Unknown               Unknown  Unknown
fms_ACCESS-OM_730  0000000001BB32D9  Unknown               Unknown  Unknown
fms_ACCESS-OM_730  0000000001AC12B3  mod_oasis_advance        1130  mod_oasis_advance.F90
fms_ACCESS-OM_730  00000000019C2A58  mod_oasis_getput_         766  mod_oasis_getput_interface.F90
fms_ACCESS-OM_730  0000000000411D4C  mom_oasis3_interf         701  mom_oasis3_interface.F90
fms_ACCESS-OM_730  0000000000421943  MAIN__                    645  ocean_solo.F90
fms_ACCESS-OM_730  000000000040F822  Unknown               Unknown  Unknown
libc-2.28.so       000014A55F7BF7E5  __libc_start_main     Unknown  Unknown
fms_ACCESS-OM_730  000000000040F72E  Unknown               Unknown  Unknown
forrtl: error (78): process killed (SIGTERM)
Image              PC                Routine            Line        Source             
fms_ACCESS-OM_730  0000000001D184C4  Unknown               Unknown  Unknown
libpthread-2.28.s  0000151351975990  Unknown               Unknown  Unknown
libopen-pal.so.40  000015134CC6C734  opal_progress         Unknown  Unknown
libmpi.so.40.20.2  0000151351F542D5  ompi_request_defa     Unknown  Unknown
libmpi.so.40.20.2  0000151351F9713F  PMPI_Waitall          Unknown  Unknown
libmpi_mpifh.so    000015135228C7ED  Unknown               Unknown  Unknown
fms_ACCESS-OM_730  0000000001BB4320  Unknown               Unknown  Unknown
fms_ACCESS-OM_730  0000000001BB32D9  Unknown               Unknown  Unknown
fms_ACCESS-OM_730  0000000001AC12B3  mod_oasis_advance        1130  mod_oasis_advance.F90
fms_ACCESS-OM_730  00000000019C2A58  mod_oasis_getput_         766  mod_oasis_getput_interface.F90
fms_ACCESS-OM_730  0000000000411D4C  mom_oasis3_interf         701  mom_oasis3_interface.F90
fms_ACCESS-OM_730  0000000000421943  MAIN__                    645  ocean_solo.F90
fms_ACCESS-OM_730  000000000040F822  Unknown               Unknown  Unknown
libc-2.28.so       00001513515C67E5  __libc_start_main     Unknown  Unknown
fms_ACCESS-OM_730  000000000040F72E  Unknown               Unknown  Unknown
forrtl: error (78): process killed (SIGTERM)
Image              PC                Routine            Line        Source             
fms_ACCESS-OM_730  0000000001D184C4  Unknown               Unknown  Unknown
libpthread-2.28.s  0000154EF0D08990  Unknown               Unknown  Unknown
libuct.so.0.0.0    0000154EDCA8623A  Unknown               Unknown  Unknown
libucp.so.0.0.0    0000154EDCCEFE9A  ucp_worker_progre     Unknown  Unknown
mca_pml_ucx.so     0000154EDD197397  mca_pml_ucx_progr     Unknown  Unknown
libopen-pal.so.40  0000154EEBFFF72B  opal_progress         Unknown  Unknown
libmpi.so.40.20.2  0000154EF12E72D5  ompi_request_defa     Unknown  Unknown
libmpi.so.40.20.2  0000154EF132A13F  PMPI_Waitall          Unknown  Unknown
libmpi_mpifh.so    0000154EF161F7ED  Unknown               Unknown  Unknown
fms_ACCESS-OM_730  0000000001BB4320  Unknown               Unknown  Unknown
fms_ACCESS-OM_730  0000000001BB32D9  Unknown               Unknown  Unknown
fms_ACCESS-OM_730  0000000001AC12B3  mod_oasis_advance        1130  mod_oasis_advance.F90
fms_ACCESS-OM_730  00000000019C2A58  mod_oasis_getput_         766  mod_oasis_getput_interface.F90
fms_ACCESS-OM_730  0000000000411D4C  mom_oasis3_interf         701  mom_oasis3_interface.F90
fms_ACCESS-OM_730  0000000000421943  MAIN__                    645  ocean_solo.F90
fms_ACCESS-OM_730  000000000040F822  Unknown               Unknown  Unknown
libc-2.28.so       0000154EF09597E5  __libc_start_main     Unknown  Unknown
fms_ACCESS-OM_730  000000000040F72E  Unknown               Unknown  Unknown
forrtl: error (78): process killed (SIGTERM)
Image              PC                Routine            Line        Source             
fms_ACCESS-OM_730  0000000001D184C4  Unknown               Unknown  Unknown
libpthread-2.28.s  000014FD9083F990  Unknown               Unknown  Unknown
libopen-pal.so.40  000014FD8BB99C35  Unknown               Unknown  Unknown
libopen-pal.so.40  000014FD8BB365F4  Unknown               Unknown  Unknown
libopen-pal.so.40  000014FD8BB3677B  opal_progress         Unknown  Unknown
libmpi.so.40.20.2  000014FD90E1E2D5  ompi_request_defa     Unknown  Unknown
libmpi.so.40.20.2  000014FD90E6113F  PMPI_Waitall          Unknown  Unknown
libmpi_mpifh.so    000014FD911567ED  Unknown               Unknown  Unknown
fms_ACCESS-OM_730  0000000001BB4320  Unknown               Unknown  Unknown
fms_ACCESS-OM_730  0000000001BB32D9  Unknown               Unknown  Unknown
fms_ACCESS-OM_730  0000000001AC12B3  mod_oasis_advance        1130  mod_oasis_advance.F90
fms_ACCESS-OM_730  00000000019C2A58  mod_oasis_getput_         766  mod_oasis_getput_interface.F90
fms_ACCESS-OM_730  0000000000411D4C  mom_oasis3_interf         701  mom_oasis3_interface.F90
fms_ACCESS-OM_730  0000000000421943  MAIN__                    645  ocean_solo.F90
fms_ACCESS-OM_730  000000000040F822  Unknown               Unknown  Unknown
libc-2.28.so       000014FD904907E5  __libc_start_main     Unknown  Unknown
fms_ACCESS-OM_730  000000000040F72E  Unknown               Unknown  Unknown
forrtl: error (78): process killed (SIGTERM)
Image              PC                Routine            Line        Source             
fms_ACCESS-OM_730  0000000001D184C4  Unknown               Unknown  Unknown
libpthread-2.28.s  0000154BC2D1C990  Unknown               Unknown  Unknown
libuct_ib.so.0.0.  0000154BA2C3A80F  Unknown               Unknown  Unknown
libucp.so.0.0.0    0000154BA5117E9A  ucp_worker_progre     Unknown  Unknown
mca_pml_ucx.so     0000154BB023E397  mca_pml_ucx_progr     Unknown  Unknown
libopen-pal.so.40  0000154BBE01372B  opal_progress         Unknown  Unknown
libmpi.so.40.20.2  0000154BC32FB2D5  ompi_request_defa     Unknown  Unknown
libmpi.so.40.20.2  0000154BC333E13F  PMPI_Waitall          Unknown  Unknown
libmpi_mpifh.so    0000154BC36337ED  Unknown               Unknown  Unknown
fms_ACCESS-OM_730  0000000001BB4320  Unknown               Unknown  Unknown
fms_ACCESS-OM_730  0000000001BB32D9  Unknown               Unknown  Unknown
fms_ACCESS-OM_730  0000000001AC12B3  mod_oasis_advance        1130  mod_oasis_advance.F90
fms_ACCESS-OM_730  00000000019C2A58  mod_oasis_getput_         766  mod_oasis_getput_interface.F90
fms_ACCESS-OM_730  0000000000411D4C  mom_oasis3_interf         701  mom_oasis3_interface.F90
fms_ACCESS-OM_730  0000000000421943  MAIN__                    645  ocean_solo.F90
fms_ACCESS-OM_730  000000000040F822  Unknown               Unknown  Unknown
libc-2.28.so       0000154BC296D7E5  __libc_start_main     Unknown  Unknown
fms_ACCESS-OM_730  000000000040F72E  Unknown               Unknown  Unknown
forrtl: error (78): process killed (SIGTERM)
Image              PC                Routine            Line        Source             
fms_ACCESS-OM_730  0000000001D184C4  Unknown               Unknown  Unknown
libpthread-2.28.s  0000152D2B25D990  Unknown               Unknown  Unknown
mca_coll_libnbc.s  0000152D08859E5A  ompi_coll_libnbc_     Unknown  Unknown
libopen-pal.so.40  0000152D2655472B  opal_progress         Unknown  Unknown
libmpi.so.40.20.2  0000152D2B83C2D5  ompi_request_defa     Unknown  Unknown
libmpi.so.40.20.2  0000152D2B87F13F  PMPI_Waitall          Unknown  Unknown
libmpi_mpifh.so    0000152D2BB747ED  Unknown               Unknown  Unknown
fms_ACCESS-OM_730  0000000001BB4320  Unknown               Unknown  Unknown
fms_ACCESS-OM_730  0000000001BB32D9  Unknown               Unknown  Unknown
fms_ACCESS-OM_730  0000000001AC12B3  mod_oasis_advance        1130  mod_oasis_advance.F90
fms_ACCESS-OM_730  00000000019C2A58  mod_oasis_getput_         766  mod_oasis_getput_interface.F90
fms_ACCESS-OM_730  0000000000411D4C  mom_oasis3_interf         701  mom_oasis3_interface.F90
fms_ACCESS-OM_730  0000000000421943  MAIN__                    645  ocean_solo.F90
fms_ACCESS-OM_730  000000000040F822  Unknown               Unknown  Unknown
libc-2.28.so       0000152D2AEAE7E5  __libc_start_main     Unknown  Unknown
fms_ACCESS-OM_730  000000000040F72E  Unknown               Unknown  Unknown
forrtl: error (78): process killed (SIGTERM)
Image              PC                Routine            Line        Source             
fms_ACCESS-OM_730  0000000001D184C4  Unknown               Unknown  Unknown
libpthread-2.28.s  000014EA55CCA990  Unknown               Unknown  Unknown
libuct.so.0.0.0    000014EA41AB234D  Unknown               Unknown  Unknown
libucp.so.0.0.0    000014EA41D1BE9A  ucp_worker_progre     Unknown  Unknown
mca_pml_ucx.so     000014EA421C3397  mca_pml_ucx_progr     Unknown  Unknown
libopen-pal.so.40  000014EA50FC172B  opal_progress         Unknown  Unknown
libmpi.so.40.20.2  000014EA562A92D5  ompi_request_defa     Unknown  Unknown
libmpi.so.40.20.2  000014EA562EC13F  PMPI_Waitall          Unknown  Unknown
libmpi_mpifh.so    000014EA565E17ED  Unknown               Unknown  Unknown
fms_ACCESS-OM_730  0000000001BB4320  Unknown               Unknown  Unknown
fms_ACCESS-OM_730  0000000001BB32D9  Unknown               Unknown  Unknown
fms_ACCESS-OM_730  0000000001AC12B3  mod_oasis_advance        1130  mod_oasis_advance.F90
fms_ACCESS-OM_730  00000000019C2A58  mod_oasis_getput_         766  mod_oasis_getput_interface.F90
fms_ACCESS-OM_730  0000000000411D4C  mom_oasis3_interf         701  mom_oasis3_interface.F90
fms_ACCESS-OM_730  0000000000421943  MAIN__                    645  ocean_solo.F90
fms_ACCESS-OM_730  000000000040F822  Unknown               Unknown  Unknown
libc-2.28.so       000014EA5591B7E5  __libc_start_main     Unknown  Unknown
fms_ACCESS-OM_730  000000000040F72E  Unknown               Unknown  Unknown
forrtl: error (78): process killed (SIGTERM)
Image              PC                Routine            Line        Source             
fms_ACCESS-OM_730  0000000001D184C4  Unknown               Unknown  Unknown
libpthread-2.28.s  000014E519A60990  Unknown               Unknown  Unknown
libhcoll.so.1.0.1  000014E4F3506750  hcoll_ml_progress     Unknown  Unknown
libopen-pal.so.40  000014E514D5772B  opal_progress         Unknown  Unknown
libmpi.so.40.20.2  000014E51A03F2D5  ompi_request_defa     Unknown  Unknown
libmpi.so.40.20.2  000014E51A08213F  PMPI_Waitall          Unknown  Unknown
libmpi_mpifh.so    000014E51A3777ED  Unknown               Unknown  Unknown
fms_ACCESS-OM_730  0000000001BB4320  Unknown               Unknown  Unknown
fms_ACCESS-OM_730  0000000001BB32D9  Unknown               Unknown  Unknown
fms_ACCESS-OM_730  0000000001AC12B3  mod_oasis_advance        1130  mod_oasis_advance.F90
fms_ACCESS-OM_730  00000000019C2A58  mod_oasis_getput_         766  mod_oasis_getput_interface.F90
fms_ACCESS-OM_730  0000000000411D4C  mom_oasis3_interf         701  mom_oasis3_interface.F90
fms_ACCESS-OM_730  0000000000421943  MAIN__                    645  ocean_solo.F90
fms_ACCESS-OM_730  000000000040F822  Unknown               Unknown  Unknown
libc-2.28.so       000014E5196B17E5  __libc_start_main     Unknown  Unknown
fms_ACCESS-OM_730  000000000040F72E  Unknown               Unknown  Unknown
forrtl: error (78): process killed (SIGTERM)
Image              PC                Routine            Line        Source             
fms_ACCESS-OM_730  0000000001D184C4  Unknown               Unknown  Unknown
libpthread-2.28.s  0000150115C61990  Unknown               Unknown  Unknown
libhcoll.so.1.0.1  00001500EF506750  hcoll_ml_progress     Unknown  Unknown
libopen-pal.so.40  0000150110F5872B  opal_progress         Unknown  Unknown
libmpi.so.40.20.2  00001501162402D5  ompi_request_defa     Unknown  Unknown
libmpi.so.40.20.2  000015011628313F  PMPI_Waitall          Unknown  Unknown
libmpi_mpifh.so    00001501165787ED  Unknown               Unknown  Unknown
fms_ACCESS-OM_730  0000000001BB4320  Unknown               Unknown  Unknown
fms_ACCESS-OM_730  0000000001BB32D9  Unknown               Unknown  Unknown
fms_ACCESS-OM_730  0000000001AC12B3  mod_oasis_advance        1130  mod_oasis_advance.F90
fms_ACCESS-OM_730  00000000019C2A58  mod_oasis_getput_         766  mod_oasis_getput_interface.F90
fms_ACCESS-OM_730  0000000000411D4C  mom_oasis3_interf         701  mom_oasis3_interface.F90
fms_ACCESS-OM_730  0000000000421943  MAIN__                    645  ocean_solo.F90
fms_ACCESS-OM_730  000000000040F822  Unknown               Unknown  Unknown
libc-2.28.so       00001501158B27E5  __libc_start_main     Unknown  Unknown
fms_ACCESS-OM_730  000000000040F72E  Unknown               Unknown  Unknown
forrtl: error (78): process killed (SIGTERM)
Image              PC                Routine            Line        Source             
fms_ACCESS-OM_730  0000000001D184C4  Unknown               Unknown  Unknown
libpthread-2.28.s  0000148046A80990  Unknown               Unknown  Unknown
libopen-pal.so.40  0000148041DDAC33  Unknown               Unknown  Unknown
libopen-pal.so.40  0000148041D775F4  Unknown               Unknown  Unknown
libopen-pal.so.40  0000148041D7777B  opal_progress         Unknown  Unknown
libmpi.so.40.20.2  000014804705F2D5  ompi_request_defa     Unknown  Unknown
libmpi.so.40.20.2  00001480470A213F  PMPI_Waitall          Unknown  Unknown
libmpi_mpifh.so    00001480473977ED  Unknown               Unknown  Unknown
fms_ACCESS-OM_730  0000000001BB4320  Unknown               Unknown  Unknown
fms_ACCESS-OM_730  0000000001BB32D9  Unknown               Unknown  Unknown
fms_ACCESS-OM_730  0000000001AC12B3  mod_oasis_advance        1130  mod_oasis_advance.F90
fms_ACCESS-OM_730  00000000019C2A58  mod_oasis_getput_         766  mod_oasis_getput_interface.F90
fms_ACCESS-OM_730  0000000000411D4C  mom_oasis3_interf         701  mom_oasis3_interface.F90
fms_ACCESS-OM_730  0000000000421943  MAIN__                    645  ocean_solo.F90
fms_ACCESS-OM_730  000000000040F822  Unknown               Unknown  Unknown
libc-2.28.so       00001480466D17E5  __libc_start_main     Unknown  Unknown
fms_ACCESS-OM_730  000000000040F72E  Unknown               Unknown  Unknown
forrtl: error (78): process killed (SIGTERM)
Image              PC                Routine            Line        Source             
fms_ACCESS-OM_730  0000000001D184C4  Unknown               Unknown  Unknown
libpthread-2.28.s  00001524100CC990  Unknown               Unknown  Unknown
libhcoll.so.1.0.1  00001523EDCEC768  hcoll_ml_progress     Unknown  Unknown
libopen-pal.so.40  000015240B3C372B  opal_progress         Unknown  Unknown
libmpi.so.40.20.2  00001524106AB2D5  ompi_request_defa     Unknown  Unknown
libmpi.so.40.20.2  00001524106EE13F  PMPI_Waitall          Unknown  Unknown
libmpi_mpifh.so    00001524109E37ED  Unknown               Unknown  Unknown
fms_ACCESS-OM_730  0000000001BB4320  Unknown               Unknown  Unknown
fms_ACCESS-OM_730  0000000001BB32D9  Unknown               Unknown  Unknown
fms_ACCESS-OM_730  0000000001AC12B3  mod_oasis_advance        1130  mod_oasis_advance.F90
fms_ACCESS-OM_730  00000000019C2A58  mod_oasis_getput_         766  mod_oasis_getput_interface.F90
fms_ACCESS-OM_730  0000000000411D4C  mom_oasis3_interf         701  mom_oasis3_interface.F90
fms_ACCESS-OM_730  0000000000421943  MAIN__                    645  ocean_solo.F90
fms_ACCESS-OM_730  000000000040F822  Unknown               Unknown  Unknown
libc-2.28.so       000015240FD1D7E5  __libc_start_main     Unknown  Unknown
fms_ACCESS-OM_730  000000000040F72E  Unknown               Unknown  Unknown
forrtl: error (78): process killed (SIGTERM)
Image              PC                Routine            Line        Source             
fms_ACCESS-OM_730  0000000001D184C4  Unknown               Unknown  Unknown
libpthread-2.28.s  000015199FFF9990  Unknown               Unknown  Unknown
libuct_ib.so.0.0.  000015197FE7B81C  Unknown               Unknown  Unknown
libucp.so.0.0.0    0000151982117E9A  ucp_worker_progre     Unknown  Unknown
mca_pml_ucx.so     000015198C48F397  mca_pml_ucx_progr     Unknown  Unknown
libopen-pal.so.40  000015199B2F072B  opal_progress         Unknown  Unknown
libmpi.so.40.20.2  00001519A05D82D5  ompi_request_defa     Unknown  Unknown
libmpi.so.40.20.2  00001519A061B13F  PMPI_Waitall          Unknown  Unknown
libmpi_mpifh.so    00001519A09107ED  Unknown               Unknown  Unknown
fms_ACCESS-OM_730  0000000001BB4320  Unknown               Unknown  Unknown
fms_ACCESS-OM_730  0000000001BB32D9  Unknown               Unknown  Unknown
fms_ACCESS-OM_730  0000000001AC12B3  mod_oasis_advance        1130  mod_oasis_advance.F90
fms_ACCESS-OM_730  00000000019C2A58  mod_oasis_getput_         766  mod_oasis_getput_interface.F90
fms_ACCESS-OM_730  0000000000411D4C  mom_oasis3_interf         701  mom_oasis3_interface.F90
fms_ACCESS-OM_730  0000000000421943  MAIN__                    645  ocean_solo.F90
fms_ACCESS-OM_730  000000000040F822  Unknown               Unknown  Unknown
libc-2.28.so       000015199FC4A7E5  __libc_start_main     Unknown  Unknown
fms_ACCESS-OM_730  000000000040F72E  Unknown               Unknown  Unknown
forrtl: error (78): process killed (SIGTERM)
Image              PC                Routine            Line        Source             
fms_ACCESS-OM_730  0000000001D184C4  Unknown               Unknown  Unknown
libpthread-2.28.s  000014C51DE0D990  Unknown               Unknown  Unknown
libuct_ib.so.0.0.  000014C5088C880F  Unknown               Unknown  Unknown
libucp.so.0.0.0    000014C509E20E9A  ucp_worker_progre     Unknown  Unknown
mca_pml_ucx.so     000014C50A2C8397  mca_pml_ucx_progr     Unknown  Unknown
libopen-pal.so.40  000014C51910472B  opal_progress         Unknown  Unknown
libmpi.so.40.20.2  000014C51E3EC2D5  ompi_request_defa     Unknown  Unknown
libmpi.so.40.20.2  000014C51E42F13F  PMPI_Waitall          Unknown  Unknown
libmpi_mpifh.so    000014C51E7247ED  Unknown               Unknown  Unknown
fms_ACCESS-OM_730  0000000001BB4320  Unknown               Unknown  Unknown
fms_ACCESS-OM_730  0000000001BB32D9  Unknown               Unknown  Unknown
fms_ACCESS-OM_730  0000000001AC12B3  mod_oasis_advance        1130  mod_oasis_advance.F90
fms_ACCESS-OM_730  00000000019C2A58  mod_oasis_getput_         766  mod_oasis_getput_interface.F90
fms_ACCESS-OM_730  0000000000411D4C  mom_oasis3_interf         701  mom_oasis3_interface.F90
fms_ACCESS-OM_730  0000000000421943  MAIN__                    645  ocean_solo.F90
fms_ACCESS-OM_730  000000000040F822  Unknown               Unknown  Unknown
libc-2.28.so       000014C51DA5E7E5  __libc_start_main     Unknown  Unknown
fms_ACCESS-OM_730  000000000040F72E  Unknown               Unknown  Unknown
forrtl: error (78): process killed (SIGTERM)
Image              PC                Routine            Line        Source             
fms_ACCESS-OM_730  0000000001D184C4  Unknown               Unknown  Unknown
libpthread-2.28.s  000014FA57D4C990  Unknown               Unknown  Unknown
libuct.so.0.0.0    000014FA39EAE200  Unknown               Unknown  Unknown
libucp.so.0.0.0    000014FA3A117E9A  ucp_worker_progre     Unknown  Unknown
mca_pml_ucx.so     000014FA44285397  mca_pml_ucx_progr     Unknown  Unknown
libopen-pal.so.40  000014FA5304372B  opal_progress         Unknown  Unknown
libmpi.so.40.20.2  000014FA5832B2D5  ompi_request_defa     Unknown  Unknown
libmpi.so.40.20.2  000014FA5836E13F  PMPI_Waitall          Unknown  Unknown
libmpi_mpifh.so    000014FA586637ED  Unknown               Unknown  Unknown
fms_ACCESS-OM_730  0000000001BB4320  Unknown               Unknown  Unknown
fms_ACCESS-OM_730  0000000001BB32D9  Unknown               Unknown  Unknown
fms_ACCESS-OM_730  0000000001AC12B3  mod_oasis_advance        1130  mod_oasis_advance.F90
fms_ACCESS-OM_730  00000000019C2A58  mod_oasis_getput_         766  mod_oasis_getput_interface.F90
fms_ACCESS-OM_730  0000000000411D4C  mom_oasis3_interf         701  mom_oasis3_interface.F90
fms_ACCESS-OM_730  0000000000421943  MAIN__                    645  ocean_solo.F90
fms_ACCESS-OM_730  000000000040F822  Unknown               Unknown  Unknown
libc-2.28.so       000014FA5799D7E5  __libc_start_main     Unknown  Unknown
fms_ACCESS-OM_730  000000000040F72E  Unknown               Unknown  Unknown
forrtl: error (78): process killed (SIGTERM)
Image              PC                Routine            Line        Source             
fms_ACCESS-OM_730  0000000001D184C4  Unknown               Unknown  Unknown
libpthread-2.28.s  0000152CE164D990  Unknown               Unknown  Unknown
libuct.so.0.0.0    0000152CCD3A220D  Unknown               Unknown  Unknown
libucp.so.0.0.0    0000152CCD60BE9A  ucp_worker_progre     Unknown  Unknown
mca_pml_ucx.so     0000152CCDAB3397  mca_pml_ucx_progr     Unknown  Unknown
libopen-pal.so.40  0000152CDC94472B  opal_progress         Unknown  Unknown
libmpi.so.40.20.2  0000152CE1C2C2D5  ompi_request_defa     Unknown  Unknown
libmpi.so.40.20.2  0000152CE1C6F13F  PMPI_Waitall          Unknown  Unknown
libmpi_mpifh.so    0000152CE1F647ED  Unknown               Unknown  Unknown
fms_ACCESS-OM_730  0000000001BB4320  Unknown               Unknown  Unknown
fms_ACCESS-OM_730  0000000001BB32D9  Unknown               Unknown  Unknown
fms_ACCESS-OM_730  0000000001AC12B3  mod_oasis_advance        1130  mod_oasis_advance.F90
fms_ACCESS-OM_730  00000000019C2A58  mod_oasis_getput_         766  mod_oasis_getput_interface.F90
fms_ACCESS-OM_730  0000000000411D4C  mom_oasis3_interf         701  mom_oasis3_interface.F90
fms_ACCESS-OM_730  0000000000421943  MAIN__                    645  ocean_solo.F90
fms_ACCESS-OM_730  000000000040F822  Unknown               Unknown  Unknown
libc-2.28.so       0000152CE129E7E5  __libc_start_main     Unknown  Unknown
fms_ACCESS-OM_730  000000000040F72E  Unknown               Unknown  Unknown
forrtl: error (78): process killed (SIGTERM)
Image              PC                Routine            Line        Source             
fms_ACCESS-OM_730  0000000001D184C4  Unknown               Unknown  Unknown
libpthread-2.28.s  0000148608FFC990  Unknown               Unknown  Unknown
libuct_ib.so.0.0.  00001485E8DE4E8A  Unknown               Unknown  Unknown
libucp.so.0.0.0    00001485F4FF8E9A  ucp_worker_progre     Unknown  Unknown
mca_pml_ucx.so     00001485F54A0397  mca_pml_ucx_progr     Unknown  Unknown
libopen-pal.so.40  00001486042F372B  opal_progress         Unknown  Unknown
libmpi.so.40.20.2  00001486095DB2D5  ompi_request_defa     Unknown  Unknown
libmpi.so.40.20.2  000014860961E13F  PMPI_Waitall          Unknown  Unknown
libmpi_mpifh.so    00001486099137ED  Unknown               Unknown  Unknown
fms_ACCESS-OM_730  0000000001BB4320  Unknown               Unknown  Unknown
fms_ACCESS-OM_730  0000000001BB32D9  Unknown               Unknown  Unknown
fms_ACCESS-OM_730  0000000001AC12B3  mod_oasis_advance        1130  mod_oasis_advance.F90
fms_ACCESS-OM_730  00000000019C2A58  mod_oasis_getput_         766  mod_oasis_getput_interface.F90
fms_ACCESS-OM_730  0000000000411D4C  mom_oasis3_interf         701  mom_oasis3_interface.F90
fms_ACCESS-OM_730  0000000000421943  MAIN__                    645  ocean_solo.F90
fms_ACCESS-OM_730  000000000040F822  Unknown               Unknown  Unknown
libc-2.28.so       0000148608C4D7E5  __libc_start_main     Unknown  Unknown
fms_ACCESS-OM_730  000000000040F72E  Unknown               Unknown  Unknown
forrtl: error (78): process killed (SIGTERM)
Image              PC                Routine            Line        Source             
fms_ACCESS-OM_730  0000000001D184C4  Unknown               Unknown  Unknown
libpthread-2.28.s  0000149E26BCE990  Unknown               Unknown  Unknown
libuct_ib.so.0.0.  0000149E06A35697  Unknown               Unknown  Unknown
libucp.so.0.0.0    0000149E08F12E9A  ucp_worker_progre     Unknown  Unknown
mca_pml_ucx.so     0000149E1403A397  mca_pml_ucx_progr     Unknown  Unknown
libopen-pal.so.40  0000149E21EC572B  opal_progress         Unknown  Unknown
libmpi.so.40.20.2  0000149E271AD2D5  ompi_request_defa     Unknown  Unknown
libmpi.so.40.20.2  0000149E271F013F  PMPI_Waitall          Unknown  Unknown
libmpi_mpifh.so    0000149E274E57ED  Unknown               Unknown  Unknown
fms_ACCESS-OM_730  0000000001BB4320  Unknown               Unknown  Unknown
fms_ACCESS-OM_730  0000000001BB32D9  Unknown               Unknown  Unknown
fms_ACCESS-OM_730  0000000001AC12B3  mod_oasis_advance        1130  mod_oasis_advance.F90
fms_ACCESS-OM_730  00000000019C2A58  mod_oasis_getput_         766  mod_oasis_getput_interface.F90
fms_ACCESS-OM_730  0000000000411D4C  mom_oasis3_interf         701  mom_oasis3_interface.F90
fms_ACCESS-OM_730  0000000000421943  MAIN__                    645  ocean_solo.F90
fms_ACCESS-OM_730  000000000040F822  Unknown               Unknown  Unknown
libc-2.28.so       0000149E2681F7E5  __libc_start_main     Unknown  Unknown
fms_ACCESS-OM_730  000000000040F72E  Unknown               Unknown  Unknown
forrtl: error (78): process killed (SIGTERM)
Image              PC                Routine            Line        Source             
fms_ACCESS-OM_730  0000000001D184C4  Unknown               Unknown  Unknown
libpthread-2.28.s  000014F213C1F990  Unknown               Unknown  Unknown
libopen-pal.so.40  000014F20EF16723  opal_progress         Unknown  Unknown
libmpi.so.40.20.2  000014F2141FE2D5  ompi_request_defa     Unknown  Unknown
libmpi.so.40.20.2  000014F21424113F  PMPI_Waitall          Unknown  Unknown
libmpi_mpifh.so    000014F2145367ED  Unknown               Unknown  Unknown
fms_ACCESS-OM_730  0000000001BB4320  Unknown               Unknown  Unknown
fms_ACCESS-OM_730  0000000001BB32D9  Unknown               Unknown  Unknown
fms_ACCESS-OM_730  0000000001AC12B3  mod_oasis_advance        1130  mod_oasis_advance.F90
fms_ACCESS-OM_730  00000000019C2A58  mod_oasis_getput_         766  mod_oasis_getput_interface.F90
fms_ACCESS-OM_730  0000000000411D4C  mom_oasis3_interf         701  mom_oasis3_interface.F90
fms_ACCESS-OM_730  0000000000421943  MAIN__                    645  ocean_solo.F90
fms_ACCESS-OM_730  000000000040F822  Unknown               Unknown  Unknown
libc-2.28.so       000014F2138707E5  __libc_start_main     Unknown  Unknown
fms_ACCESS-OM_730  000000000040F72E  Unknown               Unknown  Unknown
forrtl: error (78): process killed (SIGTERM)
Image              PC                Routine            Line        Source             
fms_ACCESS-OM_730  0000000001D184C4  Unknown               Unknown  Unknown
libpthread-2.28.s  000014C0221E6990  Unknown               Unknown  Unknown
libopen-pal.so.40  000014C01D4DD700  opal_progress         Unknown  Unknown
libmpi.so.40.20.2  000014C0227C52D5  ompi_request_defa     Unknown  Unknown
libmpi.so.40.20.2  000014C02280813F  PMPI_Waitall          Unknown  Unknown
libmpi_mpifh.so    000014C022AFD7ED  Unknown               Unknown  Unknown
fms_ACCESS-OM_730  0000000001BB4320  Unknown               Unknown  Unknown
fms_ACCESS-OM_730  0000000001BB32D9  Unknown               Unknown  Unknown
fms_ACCESS-OM_730  0000000001AC12B3  mod_oasis_advance        1130  mod_oasis_advance.F90
fms_ACCESS-OM_730  00000000019C2A58  mod_oasis_getput_         766  mod_oasis_getput_interface.F90
fms_ACCESS-OM_730  0000000000411D4C  mom_oasis3_interf         701  mom_oasis3_interface.F90
fms_ACCESS-OM_730  0000000000421943  MAIN__                    645  ocean_solo.F90
fms_ACCESS-OM_730  000000000040F822  Unknown               Unknown  Unknown
libc-2.28.so       000014C021E377E5  __libc_start_main     Unknown  Unknown
fms_ACCESS-OM_730  000000000040F72E  Unknown               Unknown  Unknown
forrtl: error (78): process killed (SIGTERM)
Image              PC                Routine            Line        Source             
fms_ACCESS-OM_730  0000000001D184C4  Unknown               Unknown  Unknown
libpthread-2.28.s  00001485BAE1D990  Unknown               Unknown  Unknown
libucp.so.0.0.0    000014859D117EA4  ucp_worker_progre     Unknown  Unknown
mca_pml_ucx.so     00001485A833F397  mca_pml_ucx_progr     Unknown  Unknown
libopen-pal.so.40  00001485B611472B  opal_progress         Unknown  Unknown
libmpi.so.40.20.2  00001485BB3FC2D5  ompi_request_defa     Unknown  Unknown
libmpi.so.40.20.2  00001485BB43F13F  PMPI_Waitall          Unknown  Unknown
libmpi_mpifh.so    00001485BB7347ED  Unknown               Unknown  Unknown
fms_ACCESS-OM_730  0000000001BB4320  Unknown               Unknown  Unknown
fms_ACCESS-OM_730  0000000001BB32D9  Unknown               Unknown  Unknown
fms_ACCESS-OM_730  0000000001AC12B3  mod_oasis_advance        1130  mod_oasis_advance.F90
fms_ACCESS-OM_730  00000000019C2A58  mod_oasis_getput_         766  mod_oasis_getput_interface.F90
fms_ACCESS-OM_730  0000000000411D4C  mom_oasis3_interf         701  mom_oasis3_interface.F90
fms_ACCESS-OM_730  0000000000421943  MAIN__                    645  ocean_solo.F90
fms_ACCESS-OM_730  000000000040F822  Unknown               Unknown  Unknown
libc-2.28.so       00001485BAA6E7E5  __libc_start_main     Unknown  Unknown
fms_ACCESS-OM_730  000000000040F72E  Unknown               Unknown  Unknown
forrtl: error (78): process killed (SIGTERM)
Image              PC                Routine            Line        Source             
fms_ACCESS-OM_730  0000000001D184C4  Unknown               Unknown  Unknown
libpthread-2.28.s  000014594B251990  Unknown               Unknown  Unknown
libucp.so.0.0.0    00001459382B0EF2  ucp_worker_progre     Unknown  Unknown
mca_pml_ucx.so     0000145938758397  mca_pml_ucx_progr     Unknown  Unknown
libopen-pal.so.40  000014594654872B  opal_progress         Unknown  Unknown
libmpi.so.40.20.2  000014594B8302D5  ompi_request_defa     Unknown  Unknown
libmpi.so.40.20.2  000014594B87313F  PMPI_Waitall          Unknown  Unknown
libmpi_mpifh.so    000014594BB687ED  Unknown               Unknown  Unknown
fms_ACCESS-OM_730  0000000001BB4320  Unknown               Unknown  Unknown
fms_ACCESS-OM_730  0000000001BB32D9  Unknown               Unknown  Unknown
fms_ACCESS-OM_730  0000000001AC12B3  mod_oasis_advance        1130  mod_oasis_advance.F90
fms_ACCESS-OM_730  00000000019C2A58  mod_oasis_getput_         766  mod_oasis_getput_interface.F90
fms_ACCESS-OM_730  0000000000411D4C  mom_oasis3_interf         701  mom_oasis3_interface.F90
fms_ACCESS-OM_730  0000000000421943  MAIN__                    645  ocean_solo.F90
fms_ACCESS-OM_730  000000000040F822  Unknown               Unknown  Unknown
libc-2.28.so       000014594AEA27E5  __libc_start_main     Unknown  Unknown
fms_ACCESS-OM_730  000000000040F72E  Unknown               Unknown  Unknown
forrtl: error (78): process killed (SIGTERM)
Image              PC                Routine            Line        Source             
fms_ACCESS-OM_730  0000000001D184C4  Unknown               Unknown  Unknown
libpthread-2.28.s  0000149C51FEB990  Unknown               Unknown  Unknown
libuct.so.0.0.0    0000149C3406F242  Unknown               Unknown  Unknown
libucp.so.0.0.0    0000149C342D8E9A  ucp_worker_progre     Unknown  Unknown
mca_pml_ucx.so     0000149C34780397  mca_pml_ucx_progr     Unknown  Unknown
libopen-pal.so.40  0000149C4D2E272B  opal_progress         Unknown  Unknown
libmpi.so.40.20.2  0000149C525CA2D5  ompi_request_defa     Unknown  Unknown
libmpi.so.40.20.2  0000149C5260D13F  PMPI_Waitall          Unknown  Unknown
libmpi_mpifh.so    0000149C529027ED  Unknown               Unknown  Unknown
fms_ACCESS-OM_730  0000000001BB4320  Unknown               Unknown  Unknown
fms_ACCESS-OM_730  0000000001BB32D9  Unknown               Unknown  Unknown
fms_ACCESS-OM_730  0000000001AC12B3  mod_oasis_advance        1130  mod_oasis_advance.F90
fms_ACCESS-OM_730  00000000019C2A58  mod_oasis_getput_         766  mod_oasis_getput_interface.F90
fms_ACCESS-OM_730  0000000000411D4C  mom_oasis3_interf         701  mom_oasis3_interface.F90
fms_ACCESS-OM_730  0000000000421943  MAIN__                    645  ocean_solo.F90
fms_ACCESS-OM_730  000000000040F822  Unknown               Unknown  Unknown
libc-2.28.so       0000149C51C3C7E5  __libc_start_main     Unknown  Unknown
fms_ACCESS-OM_730  000000000040F72E  Unknown               Unknown  Unknown
forrtl: error (78): process killed (SIGTERM)
Image              PC                Routine            Line        Source             
fms_ACCESS-OM_730  0000000001D184C4  Unknown               Unknown  Unknown
libpthread-2.28.s  00001466F8043990  Unknown               Unknown  Unknown
mca_coll_libnbc.s  00001466D557BE50  ompi_coll_libnbc_     Unknown  Unknown
libopen-pal.so.40  00001466F333A72B  opal_progress         Unknown  Unknown
libmpi.so.40.20.2  00001466F86222D5  ompi_request_defa     Unknown  Unknown
libmpi.so.40.20.2  00001466F866513F  PMPI_Waitall          Unknown  Unknown
libmpi_mpifh.so    00001466F895A7ED  Unknown               Unknown  Unknown
fms_ACCESS-OM_730  0000000001BB4320  Unknown               Unknown  Unknown
fms_ACCESS-OM_730  0000000001BB32D9  Unknown               Unknown  Unknown
fms_ACCESS-OM_730  0000000001AC12B3  mod_oasis_advance        1130  mod_oasis_advance.F90
fms_ACCESS-OM_730  00000000019C2A58  mod_oasis_getput_         766  mod_oasis_getput_interface.F90
fms_ACCESS-OM_730  0000000000411D4C  mom_oasis3_interf         701  mom_oasis3_interface.F90
fms_ACCESS-OM_730  0000000000421943  MAIN__                    645  ocean_solo.F90
fms_ACCESS-OM_730  000000000040F822  Unknown               Unknown  Unknown
libc-2.28.so       00001466F7C947E5  __libc_start_main     Unknown  Unknown
fms_ACCESS-OM_730  000000000040F72E  Unknown               Unknown  Unknown
forrtl: error (78): process killed (SIGTERM)
Image              PC                Routine            Line        Source             
fms_ACCESS-OM_730  0000000001D184C4  Unknown               Unknown  Unknown
libpthread-2.28.s  000014AE83A60990  Unknown               Unknown  Unknown
libuct.so.0.0.0    000014AE65A9D242  Unknown               Unknown  Unknown
libucp.so.0.0.0    000014AE65D06E9A  ucp_worker_progre     Unknown  Unknown
mca_pml_ucx.so     000014AE661AE397  mca_pml_ucx_progr     Unknown  Unknown
libopen-pal.so.40  000014AE7ED5772B  opal_progress         Unknown  Unknown
libmpi.so.40.20.2  000014AE8403F2D5  ompi_request_defa     Unknown  Unknown
libmpi.so.40.20.2  000014AE8408213F  PMPI_Waitall          Unknown  Unknown
libmpi_mpifh.so    000014AE843777ED  Unknown               Unknown  Unknown
fms_ACCESS-OM_730  0000000001BB4320  Unknown               Unknown  Unknown
fms_ACCESS-OM_730  0000000001BB32D9  Unknown               Unknown  Unknown
fms_ACCESS-OM_730  0000000001AC12B3  mod_oasis_advance        1130  mod_oasis_advance.F90
fms_ACCESS-OM_730  00000000019C2A58  mod_oasis_getput_         766  mod_oasis_getput_interface.F90
fms_ACCESS-OM_730  0000000000411D4C  mom_oasis3_interf         701  mom_oasis3_interface.F90
fms_ACCESS-OM_730  0000000000421943  MAIN__                    645  ocean_solo.F90
fms_ACCESS-OM_730  000000000040F822  Unknown               Unknown  Unknown
libc-2.28.so       000014AE836B17E5  __libc_start_main     Unknown  Unknown
fms_ACCESS-OM_730  000000000040F72E  Unknown               Unknown  Unknown
forrtl: error (78): process killed (SIGTERM)
Image              PC                Routine            Line        Source             
fms_ACCESS-OM_730  0000000001D184C4  Unknown               Unknown  Unknown
libpthread-2.28.s  000014C4237C9990  Unknown               Unknown  Unknown
libopen-pal.so.40  000014C41EAC0745  opal_progress         Unknown  Unknown
libmpi.so.40.20.2  000014C423DA82D5  ompi_request_defa     Unknown  Unknown
libmpi.so.40.20.2  000014C423DEB13F  PMPI_Waitall          Unknown  Unknown
libmpi_mpifh.so    000014C4240E07ED  Unknown               Unknown  Unknown
fms_ACCESS-OM_730  0000000001BB4320  Unknown               Unknown  Unknown
fms_ACCESS-OM_730  0000000001BB32D9  Unknown               Unknown  Unknown
fms_ACCESS-OM_730  0000000001AC12B3  mod_oasis_advance        1130  mod_oasis_advance.F90
fms_ACCESS-OM_730  00000000019C2A58  mod_oasis_getput_         766  mod_oasis_getput_interface.F90
fms_ACCESS-OM_730  0000000000411D4C  mom_oasis3_interf         701  mom_oasis3_interface.F90
fms_ACCESS-OM_730  0000000000421943  MAIN__                    645  ocean_solo.F90
fms_ACCESS-OM_730  000000000040F822  Unknown               Unknown  Unknown
libc-2.28.so       000014C42341A7E5  __libc_start_main     Unknown  Unknown
fms_ACCESS-OM_730  000000000040F72E  Unknown               Unknown  Unknown
forrtl: error (78): process killed (SIGTERM)
Image              PC                Routine            Line        Source             
fms_ACCESS-OM_730  0000000001D184C4  Unknown               Unknown  Unknown
libpthread-2.28.s  00001552795EC990  Unknown               Unknown  Unknown
mca_pml_ucx.so     0000155265AB3392  mca_pml_ucx_progr     Unknown  Unknown
libopen-pal.so.40  00001552748E372B  opal_progress         Unknown  Unknown
libmpi.so.40.20.2  0000155279BCB2D5  ompi_request_defa     Unknown  Unknown
libmpi.so.40.20.2  0000155279C0E13F  PMPI_Waitall          Unknown  Unknown
libmpi_mpifh.so    0000155279F037ED  Unknown               Unknown  Unknown
fms_ACCESS-OM_730  0000000001BB4320  Unknown               Unknown  Unknown
fms_ACCESS-OM_730  0000000001BB32D9  Unknown               Unknown  Unknown
fms_ACCESS-OM_730  0000000001AC12B3  mod_oasis_advance        1130  mod_oasis_advance.F90
fms_ACCESS-OM_730  00000000019C2A58  mod_oasis_getput_         766  mod_oasis_getput_interface.F90
fms_ACCESS-OM_730  0000000000411D4C  mom_oasis3_interf         701  mom_oasis3_interface.F90
fms_ACCESS-OM_730  0000000000421943  MAIN__                    645  ocean_solo.F90
fms_ACCESS-OM_730  000000000040F822  Unknown               Unknown  Unknown
libc-2.28.so       000015527923D7E5  __libc_start_main     Unknown  Unknown
fms_ACCESS-OM_730  000000000040F72E  Unknown               Unknown  Unknown
forrtl: error (78): process killed (SIGTERM)
Image              PC                Routine            Line        Source             
fms_ACCESS-OM_730  0000000001D184C4  Unknown               Unknown  Unknown
libpthread-2.28.s  000014DEBAB02990  Unknown               Unknown  Unknown
libuct_ib.so.0.0.  000014DE9AA35692  Unknown               Unknown  Unknown
libucp.so.0.0.0    000014DE9CF12E9A  ucp_worker_progre     Unknown  Unknown
mca_pml_ucx.so     000014DEA803A397  mca_pml_ucx_progr     Unknown  Unknown
libopen-pal.so.40  000014DEB5DF972B  opal_progress         Unknown  Unknown
libmpi.so.40.20.2  000014DEBB0E12D5  ompi_request_defa     Unknown  Unknown
libmpi.so.40.20.2  000014DEBB12413F  PMPI_Waitall          Unknown  Unknown
libmpi_mpifh.so    000014DEBB4197ED  Unknown               Unknown  Unknown
fms_ACCESS-OM_730  0000000001BB4320  Unknown               Unknown  Unknown
fms_ACCESS-OM_730  0000000001BB32D9  Unknown               Unknown  Unknown
fms_ACCESS-OM_730  0000000001AC12B3  mod_oasis_advance        1130  mod_oasis_advance.F90
fms_ACCESS-OM_730  00000000019C2A58  mod_oasis_getput_         766  mod_oasis_getput_interface.F90
fms_ACCESS-OM_730  0000000000411D4C  mom_oasis3_interf         701  mom_oasis3_interface.F90
fms_ACCESS-OM_730  0000000000421943  MAIN__                    645  ocean_solo.F90
fms_ACCESS-OM_730  000000000040F822  Unknown               Unknown  Unknown
libc-2.28.so       000014DEBA7537E5  __libc_start_main     Unknown  Unknown
fms_ACCESS-OM_730  000000000040F72E  Unknown               Unknown  Unknown
forrtl: error (78): process killed (SIGTERM)
Image              PC                Routine            Line        Source             
fms_ACCESS-OM_730  0000000001D184C4  Unknown               Unknown  Unknown
libpthread-2.28.s  00001549D31BA990  Unknown               Unknown  Unknown
libopen-pal.so.40  00001549CE4B1791  opal_progress         Unknown  Unknown
libmpi.so.40.20.2  00001549D37992D5  ompi_request_defa     Unknown  Unknown
libmpi.so.40.20.2  00001549D37DC13F  PMPI_Waitall          Unknown  Unknown
libmpi_mpifh.so    00001549D3AD17ED  Unknown               Unknown  Unknown
fms_ACCESS-OM_730  0000000001BB4320  Unknown               Unknown  Unknown
fms_ACCESS-OM_730  0000000001BB32D9  Unknown               Unknown  Unknown
fms_ACCESS-OM_730  0000000001AC12B3  mod_oasis_advance        1130  mod_oasis_advance.F90
fms_ACCESS-OM_730  00000000019C2A58  mod_oasis_getput_         766  mod_oasis_getput_interface.F90
fms_ACCESS-OM_730  0000000000411D4C  mom_oasis3_interf         701  mom_oasis3_interface.F90
fms_ACCESS-OM_730  0000000000421943  MAIN__                    645  ocean_solo.F90
fms_ACCESS-OM_730  000000000040F822  Unknown               Unknown  Unknown
libc-2.28.so       00001549D2E0B7E5  __libc_start_main     Unknown  Unknown
fms_ACCESS-OM_730  000000000040F72E  Unknown               Unknown  Unknown
forrtl: error (78): process killed (SIGTERM)
Image              PC                Routine            Line        Source             
fms_ACCESS-OM_730  0000000001D184C4  Unknown               Unknown  Unknown
libpthread-2.28.s  000014FDA42EE990  Unknown               Unknown  Unknown
libuct.so.0.0.0    000014FD90080242  Unknown               Unknown  Unknown
libucp.so.0.0.0    000014FD902E9E9A  ucp_worker_progre     Unknown  Unknown
mca_pml_ucx.so     000014FD90791397  mca_pml_ucx_progr     Unknown  Unknown
libopen-pal.so.40  000014FD9F5E572B  opal_progress         Unknown  Unknown
libmpi.so.40.20.2  000014FDA48CD2D5  ompi_request_defa     Unknown  Unknown
libmpi.so.40.20.2  000014FDA491013F  PMPI_Waitall          Unknown  Unknown
libmpi_mpifh.so    000014FDA4C057ED  Unknown               Unknown  Unknown
fms_ACCESS-OM_730  0000000001BB4320  Unknown               Unknown  Unknown
fms_ACCESS-OM_730  0000000001BB32D9  Unknown               Unknown  Unknown
fms_ACCESS-OM_730  0000000001AC12B3  mod_oasis_advance        1130  mod_oasis_advance.F90
fms_ACCESS-OM_730  00000000019C2A58  mod_oasis_getput_         766  mod_oasis_getput_interface.F90
fms_ACCESS-OM_730  0000000000411D4C  mom_oasis3_interf         701  mom_oasis3_interface.F90
fms_ACCESS-OM_730  0000000000421943  MAIN__                    645  ocean_solo.F90
fms_ACCESS-OM_730  000000000040F822  Unknown               Unknown  Unknown
libc-2.28.so       000014FDA3F3F7E5  __libc_start_main     Unknown  Unknown
fms_ACCESS-OM_730  000000000040F72E  Unknown               Unknown  Unknown
forrtl: error (78): process killed (SIGTERM)
Image              PC                Routine            Line        Source             
fms_ACCESS-OM_730  0000000001D184C4  Unknown               Unknown  Unknown
libpthread-2.28.s  000014C22DA27990  Unknown               Unknown  Unknown
mca_pml_ucx.so     000014C219EBD392  mca_pml_ucx_progr     Unknown  Unknown
libopen-pal.so.40  000014C228D1E72B  opal_progress         Unknown  Unknown
libmpi.so.40.20.2  000014C22E0062D5  ompi_request_defa     Unknown  Unknown
libmpi.so.40.20.2  000014C22E04913F  PMPI_Waitall          Unknown  Unknown
libmpi_mpifh.so    000014C22E33E7ED  Unknown               Unknown  Unknown
fms_ACCESS-OM_730  0000000001BB4320  Unknown               Unknown  Unknown
fms_ACCESS-OM_730  0000000001BB32D9  Unknown               Unknown  Unknown
fms_ACCESS-OM_730  0000000001AC12B3  mod_oasis_advance        1130  mod_oasis_advance.F90
fms_ACCESS-OM_730  00000000019C2A58  mod_oasis_getput_         766  mod_oasis_getput_interface.F90
fms_ACCESS-OM_730  0000000000411D4C  mom_oasis3_interf         701  mom_oasis3_interface.F90
fms_ACCESS-OM_730  0000000000421943  MAIN__                    645  ocean_solo.F90
fms_ACCESS-OM_730  000000000040F822  Unknown               Unknown  Unknown
libc-2.28.so       000014C22D6787E5  __libc_start_main     Unknown  Unknown
fms_ACCESS-OM_730  000000000040F72E  Unknown               Unknown  Unknown
forrtl: error (78): process killed (SIGTERM)
Image              PC                Routine            Line        Source             
fms_ACCESS-OM_730  0000000001D184C4  Unknown               Unknown  Unknown
libpthread-2.28.s  000014CE1C1C9990  Unknown               Unknown  Unknown
libuct.so.0.0.0    000014CDFE18C214  Unknown               Unknown  Unknown
libucp.so.0.0.0    000014CE081E8E9A  ucp_worker_progre     Unknown  Unknown
mca_pml_ucx.so     000014CE08690397  mca_pml_ucx_progr     Unknown  Unknown
libopen-pal.so.40  000014CE174C072B  opal_progress         Unknown  Unknown
libmpi.so.40.20.2  000014CE1C7A82D5  ompi_request_defa     Unknown  Unknown
libmpi.so.40.20.2  000014CE1C7EB13F  PMPI_Waitall          Unknown  Unknown
libmpi_mpifh.so    000014CE1CAE07ED  Unknown               Unknown  Unknown
fms_ACCESS-OM_730  0000000001BB4320  Unknown               Unknown  Unknown
fms_ACCESS-OM_730  0000000001BB32D9  Unknown               Unknown  Unknown
fms_ACCESS-OM_730  0000000001AC12B3  mod_oasis_advance        1130  mod_oasis_advance.F90
fms_ACCESS-OM_730  00000000019C2A58  mod_oasis_getput_         766  mod_oasis_getput_interface.F90
fms_ACCESS-OM_730  0000000000411D4C  mom_oasis3_interf         701  mom_oasis3_interface.F90
fms_ACCESS-OM_730  0000000000421943  MAIN__                    645  ocean_solo.F90
fms_ACCESS-OM_730  000000000040F822  Unknown               Unknown  Unknown
libc-2.28.so       000014CE1BE1A7E5  __libc_start_main     Unknown  Unknown
fms_ACCESS-OM_730  000000000040F72E  Unknown               Unknown  Unknown
forrtl: error (78): process killed (SIGTERM)
Image              PC                Routine            Line        Source             
fms_ACCESS-OM_730  0000000001D184C4  Unknown               Unknown  Unknown
libpthread-2.28.s  0000150CCE802990  Unknown               Unknown  Unknown
libuct.so.0.0.0    0000150CB089A3AB  Unknown               Unknown  Unknown
libucp.so.0.0.0    0000150CB0B03E9A  ucp_worker_progre     Unknown  Unknown
mca_pml_ucx.so     0000150CB0FAB397  mca_pml_ucx_progr     Unknown  Unknown
libopen-pal.so.40  0000150CC9AF972B  opal_progress         Unknown  Unknown
libmpi.so.40.20.2  0000150CCEDE12D5  ompi_request_defa     Unknown  Unknown
libmpi.so.40.20.2  0000150CCEE2413F  PMPI_Waitall          Unknown  Unknown
libmpi_mpifh.so    0000150CCF1197ED  Unknown               Unknown  Unknown
fms_ACCESS-OM_730  0000000001BB4320  Unknown               Unknown  Unknown
fms_ACCESS-OM_730  0000000001BB32D9  Unknown               Unknown  Unknown
fms_ACCESS-OM_730  0000000001AC12B3  mod_oasis_advance        1130  mod_oasis_advance.F90
fms_ACCESS-OM_730  00000000019C2A58  mod_oasis_getput_         766  mod_oasis_getput_interface.F90
fms_ACCESS-OM_730  0000000000411D4C  mom_oasis3_interf         701  mom_oasis3_interface.F90
fms_ACCESS-OM_730  0000000000421943  MAIN__                    645  ocean_solo.F90
fms_ACCESS-OM_730  000000000040F822  Unknown               Unknown  Unknown
libc-2.28.so       0000150CCE4537E5  __libc_start_main     Unknown  Unknown
fms_ACCESS-OM_730  000000000040F72E  Unknown               Unknown  Unknown
forrtl: error (78): process killed (SIGTERM)
Image              PC                Routine            Line        Source             
fms_ACCESS-OM_730  0000000001D184C4  Unknown               Unknown  Unknown
libpthread-2.28.s  0000148AEA65C990  Unknown               Unknown  Unknown
libuct_ib.so.0.0.  0000148ACA421692  Unknown               Unknown  Unknown
libucp.so.0.0.0    0000148ACC8FEE9A  ucp_worker_progre     Unknown  Unknown
mca_pml_ucx.so     0000148ACCDA6397  mca_pml_ucx_progr     Unknown  Unknown
libopen-pal.so.40  0000148AE595372B  opal_progress         Unknown  Unknown
libmpi.so.40.20.2  0000148AEAC3B2D5  ompi_request_defa     Unknown  Unknown
libmpi.so.40.20.2  0000148AEAC7E13F  PMPI_Waitall          Unknown  Unknown
libmpi_mpifh.so    0000148AEAF737ED  Unknown               Unknown  Unknown
fms_ACCESS-OM_730  0000000001BB4320  Unknown               Unknown  Unknown
fms_ACCESS-OM_730  0000000001BB32D9  Unknown               Unknown  Unknown
fms_ACCESS-OM_730  0000000001AC12B3  mod_oasis_advance        1130  mod_oasis_advance.F90
fms_ACCESS-OM_730  00000000019C2A58  mod_oasis_getput_         766  mod_oasis_getput_interface.F90
fms_ACCESS-OM_730  0000000000411D4C  mom_oasis3_interf         701  mom_oasis3_interface.F90
fms_ACCESS-OM_730  0000000000421943  MAIN__                    645  ocean_solo.F90
fms_ACCESS-OM_730  000000000040F822  Unknown               Unknown  Unknown
libc-2.28.so       0000148AEA2AD7E5  __libc_start_main     Unknown  Unknown
fms_ACCESS-OM_730  000000000040F72E  Unknown               Unknown  Unknown
forrtl: error (78): process killed (SIGTERM)
Image              PC                Routine            Line        Source             
fms_ACCESS-OM_730  0000000001D184C4  Unknown               Unknown  Unknown
libpthread-2.28.s  0000150A3B9A1990  Unknown               Unknown  Unknown
libuct_ib.so.0.0.  0000150A1B829800  Unknown               Unknown  Unknown
libucp.so.0.0.0    0000150A1DD06E9A  ucp_worker_progre     Unknown  Unknown
mca_pml_ucx.so     0000150A1E1AE397  mca_pml_ucx_progr     Unknown  Unknown
libopen-pal.so.40  0000150A36C9872B  opal_progress         Unknown  Unknown
libmpi.so.40.20.2  0000150A3BF802D5  ompi_request_defa     Unknown  Unknown
libmpi.so.40.20.2  0000150A3BFC313F  PMPI_Waitall          Unknown  Unknown
libmpi_mpifh.so    0000150A3C2B87ED  Unknown               Unknown  Unknown
fms_ACCESS-OM_730  0000000001BB4320  Unknown               Unknown  Unknown
fms_ACCESS-OM_730  0000000001BB32D9  Unknown               Unknown  Unknown
fms_ACCESS-OM_730  0000000001AC12B3  mod_oasis_advance        1130  mod_oasis_advance.F90
fms_ACCESS-OM_730  00000000019C2A58  mod_oasis_getput_         766  mod_oasis_getput_interface.F90
fms_ACCESS-OM_730  0000000000411D4C  mom_oasis3_interf         701  mom_oasis3_interface.F90
fms_ACCESS-OM_730  0000000000421943  MAIN__                    645  ocean_solo.F90
fms_ACCESS-OM_730  000000000040F822  Unknown               Unknown  Unknown
libc-2.28.so       0000150A3B5F27E5  __libc_start_main     Unknown  Unknown
fms_ACCESS-OM_730  000000000040F72E  Unknown               Unknown  Unknown
forrtl: error (78): process killed (SIGTERM)
Image              PC                Routine            Line        Source             
fms_ACCESS-OM_730  0000000001D184C4  Unknown               Unknown  Unknown
libpthread-2.28.s  0000148A50A7A990  Unknown               Unknown  Unknown
libopen-pal.so.40  0000148A4BD71712  opal_progress         Unknown  Unknown
libmpi.so.40.20.2  0000148A510592D5  ompi_request_defa     Unknown  Unknown
libmpi.so.40.20.2  0000148A5109C13F  PMPI_Waitall          Unknown  Unknown
libmpi_mpifh.so    0000148A513917ED  Unknown               Unknown  Unknown
fms_ACCESS-OM_730  0000000001BB4320  Unknown               Unknown  Unknown
fms_ACCESS-OM_730  0000000001BB32D9  Unknown               Unknown  Unknown
fms_ACCESS-OM_730  0000000001AC12B3  mod_oasis_advance        1130  mod_oasis_advance.F90
fms_ACCESS-OM_730  00000000019C2A58  mod_oasis_getput_         766  mod_oasis_getput_interface.F90
fms_ACCESS-OM_730  0000000000411D4C  mom_oasis3_interf         701  mom_oasis3_interface.F90
fms_ACCESS-OM_730  0000000000421943  MAIN__                    645  ocean_solo.F90
fms_ACCESS-OM_730  000000000040F822  Unknown               Unknown  Unknown
libc-2.28.so       0000148A506CB7E5  __libc_start_main     Unknown  Unknown
fms_ACCESS-OM_730  000000000040F72E  Unknown               Unknown  Unknown
forrtl: error (78): process killed (SIGTERM)
Image              PC                Routine            Line        Source             
fms_ACCESS-OM_730  0000000001D184C4  Unknown               Unknown  Unknown
libpthread-2.28.s  0000148CE3C34990  Unknown               Unknown  Unknown
libhcoll.so.1.0.1  0000148CC18069F1  hcoll_ml_progress     Unknown  Unknown
libopen-pal.so.40  0000148CDEF2B72B  opal_progress         Unknown  Unknown
libmpi.so.40.20.2  0000148CE42132D5  ompi_request_defa     Unknown  Unknown
libmpi.so.40.20.2  0000148CE425613F  PMPI_Waitall          Unknown  Unknown
libmpi_mpifh.so    0000148CE454B7ED  Unknown               Unknown  Unknown
fms_ACCESS-OM_730  0000000001BB4320  Unknown               Unknown  Unknown
fms_ACCESS-OM_730  0000000001BB32D9  Unknown               Unknown  Unknown
fms_ACCESS-OM_730  0000000001AC12B3  mod_oasis_advance        1130  mod_oasis_advance.F90
fms_ACCESS-OM_730  00000000019C2A58  mod_oasis_getput_         766  mod_oasis_getput_interface.F90
fms_ACCESS-OM_730  0000000000411D4C  mom_oasis3_interf         701  mom_oasis3_interface.F90
fms_ACCESS-OM_730  0000000000421943  MAIN__                    645  ocean_solo.F90
fms_ACCESS-OM_730  000000000040F822  Unknown               Unknown  Unknown
libc-2.28.so       0000148CE38857E5  __libc_start_main     Unknown  Unknown
fms_ACCESS-OM_730  000000000040F72E  Unknown               Unknown  Unknown
forrtl: error (78): process killed (SIGTERM)
Image              PC                Routine            Line        Source             
fms_ACCESS-OM_730  0000000001D184C4  Unknown               Unknown  Unknown
libpthread-2.28.s  0000145A5AC10990  Unknown               Unknown  Unknown
libuct_ib.so.0.0.  0000145A3AA35658  Unknown               Unknown  Unknown
libucp.so.0.0.0    0000145A3CF12E9A  ucp_worker_progre     Unknown  Unknown
mca_pml_ucx.so     0000145A4813B397  mca_pml_ucx_progr     Unknown  Unknown
libopen-pal.so.40  0000145A55F0772B  opal_progress         Unknown  Unknown
libmpi.so.40.20.2  0000145A5B1EF2D5  ompi_request_defa     Unknown  Unknown
libmpi.so.40.20.2  0000145A5B23213F  PMPI_Waitall          Unknown  Unknown
libmpi_mpifh.so    0000145A5B5277ED  Unknown               Unknown  Unknown
fms_ACCESS-OM_730  0000000001BB4320  Unknown               Unknown  Unknown
fms_ACCESS-OM_730  0000000001BB32D9  Unknown               Unknown  Unknown
fms_ACCESS-OM_730  0000000001AC12B3  mod_oasis_advance        1130  mod_oasis_advance.F90
fms_ACCESS-OM_730  00000000019C2A58  mod_oasis_getput_         766  mod_oasis_getput_interface.F90
fms_ACCESS-OM_730  0000000000411D4C  mom_oasis3_interf         701  mom_oasis3_interface.F90
fms_ACCESS-OM_730  0000000000421943  MAIN__                    645  ocean_solo.F90
fms_ACCESS-OM_730  000000000040F822  Unknown               Unknown  Unknown
libc-2.28.so       0000145A5A8617E5  __libc_start_main     Unknown  Unknown
fms_ACCESS-OM_730  000000000040F72E  Unknown               Unknown  Unknown
forrtl: error (78): process killed (SIGTERM)
Image              PC                Routine            Line        Source             
fms_ACCESS-OM_730  0000000001D184C4  Unknown               Unknown  Unknown
libpthread-2.28.s  000014A3E75E6990  Unknown               Unknown  Unknown
libuct_ib.so.0.0.  000014A3C7377692  Unknown               Unknown  Unknown
libucp.so.0.0.0    000014A3D45C8E9A  ucp_worker_progre     Unknown  Unknown
mca_pml_ucx.so     000014A3D4A70397  mca_pml_ucx_progr     Unknown  Unknown
libopen-pal.so.40  000014A3E28DD72B  opal_progress         Unknown  Unknown
libmpi.so.40.20.2  000014A3E7BC52D5  ompi_request_defa     Unknown  Unknown
libmpi.so.40.20.2  000014A3E7C0813F  PMPI_Waitall          Unknown  Unknown
libmpi_mpifh.so    000014A3E7EFD7ED  Unknown               Unknown  Unknown
fms_ACCESS-OM_730  0000000001BB4320  Unknown               Unknown  Unknown
fms_ACCESS-OM_730  0000000001BB32D9  Unknown               Unknown  Unknown
fms_ACCESS-OM_730  0000000001AC12B3  mod_oasis_advance        1130  mod_oasis_advance.F90
fms_ACCESS-OM_730  00000000019C2A58  mod_oasis_getput_         766  mod_oasis_getput_interface.F90
fms_ACCESS-OM_730  0000000000411D4C  mom_oasis3_interf         701  mom_oasis3_interface.F90
fms_ACCESS-OM_730  0000000000421943  MAIN__                    645  ocean_solo.F90
fms_ACCESS-OM_730  000000000040F822  Unknown               Unknown  Unknown
libc-2.28.so       000014A3E72377E5  __libc_start_main     Unknown  Unknown
fms_ACCESS-OM_730  000000000040F72E  Unknown               Unknown  Unknown
forrtl: error (78): process killed (SIGTERM)
Image              PC                Routine            Line        Source             
fms_ACCESS-OM_730  0000000001D184C4  Unknown               Unknown  Unknown
libpthread-2.28.s  00001457A9344990  Unknown               Unknown  Unknown
libuct_ib.so.0.0.  0000145788FEA682  Unknown               Unknown  Unknown
libucp.so.0.0.0    00001457952FEE9A  ucp_worker_progre     Unknown  Unknown
mca_pml_ucx.so     00001457957A6397  mca_pml_ucx_progr     Unknown  Unknown
libopen-pal.so.40  00001457A463B72B  opal_progress         Unknown  Unknown
libmpi.so.40.20.2  00001457A99232D5  ompi_request_defa     Unknown  Unknown
libmpi.so.40.20.2  00001457A996613F  PMPI_Waitall          Unknown  Unknown
libmpi_mpifh.so    00001457A9C5B7ED  Unknown               Unknown  Unknown
fms_ACCESS-OM_730  0000000001BB4320  Unknown               Unknown  Unknown
fms_ACCESS-OM_730  0000000001BB32D9  Unknown               Unknown  Unknown
fms_ACCESS-OM_730  0000000001AC12B3  mod_oasis_advance        1130  mod_oasis_advance.F90
fms_ACCESS-OM_730  00000000019C2A58  mod_oasis_getput_         766  mod_oasis_getput_interface.F90
fms_ACCESS-OM_730  0000000000411D4C  mom_oasis3_interf         701  mom_oasis3_interface.F90
fms_ACCESS-OM_730  0000000000421943  MAIN__                    645  ocean_solo.F90
fms_ACCESS-OM_730  000000000040F822  Unknown               Unknown  Unknown
libc-2.28.so       00001457A8F957E5  __libc_start_main     Unknown  Unknown
fms_ACCESS-OM_730  000000000040F72E  Unknown               Unknown  Unknown
forrtl: error (78): process killed (SIGTERM)
Image              PC                Routine            Line        Source             
fms_ACCESS-OM_730  0000000001D184C4  Unknown               Unknown  Unknown
libpthread-2.28.s  000014CAE377C990  Unknown               Unknown  Unknown
libuct.so.0.0.0    000014CAD05633AB  Unknown               Unknown  Unknown
libucp.so.0.0.0    000014CAD07CCE9A  ucp_worker_progre     Unknown  Unknown
mca_pml_ucx.so     000014CAD0C74397  mca_pml_ucx_progr     Unknown  Unknown
libopen-pal.so.40  000014CADEA7372B  opal_progress         Unknown  Unknown
libmpi.so.40.20.2  000014CAE3D5B2D5  ompi_request_defa     Unknown  Unknown
libmpi.so.40.20.2  000014CAE3D9E13F  PMPI_Waitall          Unknown  Unknown
libmpi_mpifh.so    000014CAE40937ED  Unknown               Unknown  Unknown
fms_ACCESS-OM_730  0000000001BB4320  Unknown               Unknown  Unknown
fms_ACCESS-OM_730  0000000001BB32D9  Unknown               Unknown  Unknown
fms_ACCESS-OM_730  0000000001AC12B3  mod_oasis_advance        1130  mod_oasis_advance.F90
fms_ACCESS-OM_730  00000000019C2A58  mod_oasis_getput_         766  mod_oasis_getput_interface.F90
fms_ACCESS-OM_730  0000000000411D4C  mom_oasis3_interf         701  mom_oasis3_interface.F90
fms_ACCESS-OM_730  0000000000421943  MAIN__                    645  ocean_solo.F90
fms_ACCESS-OM_730  000000000040F822  Unknown               Unknown  Unknown
libc-2.28.so       000014CAE33CD7E5  __libc_start_main     Unknown  Unknown
fms_ACCESS-OM_730  000000000040F72E  Unknown               Unknown  Unknown
forrtl: error (78): process killed (SIGTERM)
Image              PC                Routine            Line        Source             
fms_ACCESS-OM_730  0000000001D184C4  Unknown               Unknown  Unknown
libpthread-2.28.s  000014BD5229D990  Unknown               Unknown  Unknown
libopen-pal.so.40  000014BD4D594734  opal_progress         Unknown  Unknown
libmpi.so.40.20.2  000014BD5287C2D5  ompi_request_defa     Unknown  Unknown
libmpi.so.40.20.2  000014BD528BF13F  PMPI_Waitall          Unknown  Unknown
libmpi_mpifh.so    000014BD52BB47ED  Unknown               Unknown  Unknown
fms_ACCESS-OM_730  0000000001BB4320  Unknown               Unknown  Unknown
fms_ACCESS-OM_730  0000000001BB32D9  Unknown               Unknown  Unknown
fms_ACCESS-OM_730  0000000001AC12B3  mod_oasis_advance        1130  mod_oasis_advance.F90
fms_ACCESS-OM_730  00000000019C2A58  mod_oasis_getput_         766  mod_oasis_getput_interface.F90
fms_ACCESS-OM_730  0000000000411D4C  mom_oasis3_interf         701  mom_oasis3_interface.F90
fms_ACCESS-OM_730  0000000000421943  MAIN__                    645  ocean_solo.F90
fms_ACCESS-OM_730  000000000040F822  Unknown               Unknown  Unknown
libc-2.28.so       000014BD51EEE7E5  __libc_start_main     Unknown  Unknown
fms_ACCESS-OM_730  000000000040F72E  Unknown               Unknown  Unknown
forrtl: error (78): process killed (SIGTERM)
Image              PC                Routine            Line        Source             
fms_ACCESS-OM_730  0000000001D184C4  Unknown               Unknown  Unknown
libpthread-2.28.s  000014A564360990  Unknown               Unknown  Unknown
libopen-pal.so.40  000014A55F65777B  opal_progress         Unknown  Unknown
libmpi.so.40.20.2  000014A56493F2D5  ompi_request_defa     Unknown  Unknown
libmpi.so.40.20.2  000014A56498213F  PMPI_Waitall          Unknown  Unknown
libmpi_mpifh.so    000014A564C777ED  Unknown               Unknown  Unknown
fms_ACCESS-OM_730  0000000001BB4320  Unknown               Unknown  Unknown
fms_ACCESS-OM_730  0000000001BB32D9  Unknown               Unknown  Unknown
fms_ACCESS-OM_730  0000000001AC12B3  mod_oasis_advance        1130  mod_oasis_advance.F90
fms_ACCESS-OM_730  00000000019C2A58  mod_oasis_getput_         766  mod_oasis_getput_interface.F90
fms_ACCESS-OM_730  0000000000411D4C  mom_oasis3_interf         701  mom_oasis3_interface.F90
fms_ACCESS-OM_730  0000000000421943  MAIN__                    645  ocean_solo.F90
fms_ACCESS-OM_730  000000000040F822  Unknown               Unknown  Unknown
libc-2.28.so       000014A563FB17E5  __libc_start_main     Unknown  Unknown
fms_ACCESS-OM_730  000000000040F72E  Unknown               Unknown  Unknown
forrtl: error (78): process killed (SIGTERM)
Image              PC                Routine            Line        Source             
fms_ACCESS-OM_730  0000000001D184C4  Unknown               Unknown  Unknown
libpthread-2.28.s  0000152A592EA990  Unknown               Unknown  Unknown
mca_coll_libnbc.s  0000152A366EAE59  ompi_coll_libnbc_     Unknown  Unknown
libopen-pal.so.40  0000152A545E172B  opal_progress         Unknown  Unknown
libmpi.so.40.20.2  0000152A598C92D5  ompi_request_defa     Unknown  Unknown
libmpi.so.40.20.2  0000152A5990C13F  PMPI_Waitall          Unknown  Unknown
libmpi_mpifh.so    0000152A59C017ED  Unknown               Unknown  Unknown
fms_ACCESS-OM_730  0000000001BB4320  Unknown               Unknown  Unknown
fms_ACCESS-OM_730  0000000001BB32D9  Unknown               Unknown  Unknown
fms_ACCESS-OM_730  0000000001AC12B3  mod_oasis_advance        1130  mod_oasis_advance.F90
fms_ACCESS-OM_730  00000000019C2A58  mod_oasis_getput_         766  mod_oasis_getput_interface.F90
fms_ACCESS-OM_730  0000000000411D4C  mom_oasis3_interf         701  mom_oasis3_interface.F90
fms_ACCESS-OM_730  0000000000421943  MAIN__                    645  ocean_solo.F90
fms_ACCESS-OM_730  000000000040F822  Unknown               Unknown  Unknown
libc-2.28.so       0000152A58F3B7E5  __libc_start_main     Unknown  Unknown
fms_ACCESS-OM_730  000000000040F72E  Unknown               Unknown  Unknown
forrtl: error (78): process killed (SIGTERM)
Image              PC                Routine            Line        Source             
fms_ACCESS-OM_730  0000000001D184C4  Unknown               Unknown  Unknown
libpthread-2.28.s  00001488211FF990  Unknown               Unknown  Unknown
libucp.so.0.0.0    000014880D1FDEF6  ucp_worker_progre     Unknown  Unknown
mca_pml_ucx.so     000014880D6A5397  mca_pml_ucx_progr     Unknown  Unknown
libopen-pal.so.40  000014881C4F672B  opal_progress         Unknown  Unknown
libmpi.so.40.20.2  00001488217DE2D5  ompi_request_defa     Unknown  Unknown
libmpi.so.40.20.2  000014882182113F  PMPI_Waitall          Unknown  Unknown
libmpi_mpifh.so    0000148821B167ED  Unknown               Unknown  Unknown
fms_ACCESS-OM_730  0000000001BB4320  Unknown               Unknown  Unknown
fms_ACCESS-OM_730  0000000001BB32D9  Unknown               Unknown  Unknown
fms_ACCESS-OM_730  0000000001AC12B3  mod_oasis_advance        1130  mod_oasis_advance.F90
fms_ACCESS-OM_730  00000000019C2A58  mod_oasis_getput_         766  mod_oasis_getput_interface.F90
fms_ACCESS-OM_730  0000000000411D4C  mom_oasis3_interf         701  mom_oasis3_interface.F90
fms_ACCESS-OM_730  0000000000421943  MAIN__                    645  ocean_solo.F90
fms_ACCESS-OM_730  000000000040F822  Unknown               Unknown  Unknown
libc-2.28.so       0000148820E507E5  __libc_start_main     Unknown  Unknown
fms_ACCESS-OM_730  000000000040F72E  Unknown               Unknown  Unknown
forrtl: error (78): process killed (SIGTERM)
Image              PC                Routine            Line        Source             
fms_ACCESS-OM_730  0000000001D184C4  Unknown               Unknown  Unknown
libpthread-2.28.s  0000147CE7776990  Unknown               Unknown  Unknown
libucp.so.0.0.0    0000147CD47CCE87  ucp_worker_progre     Unknown  Unknown
mca_pml_ucx.so     0000147CD4C74397  mca_pml_ucx_progr     Unknown  Unknown
libopen-pal.so.40  0000147CE2A6D72B  opal_progress         Unknown  Unknown
libmpi.so.40.20.2  0000147CE7D552D5  ompi_request_defa     Unknown  Unknown
libmpi.so.40.20.2  0000147CE7D9813F  PMPI_Waitall          Unknown  Unknown
libmpi_mpifh.so    0000147CE808D7ED  Unknown               Unknown  Unknown
fms_ACCESS-OM_730  0000000001BB4320  Unknown               Unknown  Unknown
fms_ACCESS-OM_730  0000000001BB32D9  Unknown               Unknown  Unknown
fms_ACCESS-OM_730  0000000001AC12B3  mod_oasis_advance        1130  mod_oasis_advance.F90
fms_ACCESS-OM_730  00000000019C2A58  mod_oasis_getput_         766  mod_oasis_getput_interface.F90
fms_ACCESS-OM_730  0000000000411D4C  mom_oasis3_interf         701  mom_oasis3_interface.F90
fms_ACCESS-OM_730  0000000000421943  MAIN__                    645  ocean_solo.F90
fms_ACCESS-OM_730  000000000040F822  Unknown               Unknown  Unknown
libc-2.28.so       0000147CE73C77E5  __libc_start_main     Unknown  Unknown
fms_ACCESS-OM_730  000000000040F72E  Unknown               Unknown  Unknown
forrtl: error (78): process killed (SIGTERM)
Image              PC                Routine            Line        Source             
fms_ACCESS-OM_730  0000000001D184C4  Unknown               Unknown  Unknown
libpthread-2.28.s  0000151E721B7990  Unknown               Unknown  Unknown
libuct.so.0.0.0    0000151E54283206  Unknown               Unknown  Unknown
libucp.so.0.0.0    0000151E544ECE9A  ucp_worker_progre     Unknown  Unknown
mca_pml_ucx.so     0000151E54994397  mca_pml_ucx_progr     Unknown  Unknown
libopen-pal.so.40  0000151E6D4AE72B  opal_progress         Unknown  Unknown
libmpi.so.40.20.2  0000151E727962D5  ompi_request_defa     Unknown  Unknown
libmpi.so.40.20.2  0000151E727D913F  PMPI_Waitall          Unknown  Unknown
libmpi_mpifh.so    0000151E72ACE7ED  Unknown               Unknown  Unknown
fms_ACCESS-OM_730  0000000001BB4320  Unknown               Unknown  Unknown
fms_ACCESS-OM_730  0000000001BB32D9  Unknown               Unknown  Unknown
fms_ACCESS-OM_730  0000000001AC12B3  mod_oasis_advance        1130  mod_oasis_advance.F90
fms_ACCESS-OM_730  00000000019C2A58  mod_oasis_getput_         766  mod_oasis_getput_interface.F90
fms_ACCESS-OM_730  0000000000411D4C  mom_oasis3_interf         701  mom_oasis3_interface.F90
fms_ACCESS-OM_730  0000000000421943  MAIN__                    645  ocean_solo.F90
fms_ACCESS-OM_730  000000000040F822  Unknown               Unknown  Unknown
libc-2.28.so       0000151E71E087E5  __libc_start_main     Unknown  Unknown
fms_ACCESS-OM_730  000000000040F72E  Unknown               Unknown  Unknown
forrtl: error (78): process killed (SIGTERM)
Image              PC                Routine            Line        Source             
fms_ACCESS-OM_730  0000000001D184C4  Unknown               Unknown  Unknown
libpthread-2.28.s  00001531CEED3990  Unknown               Unknown  Unknown
libuct_ib.so.0.0.  00001531AEC3AE8A  Unknown               Unknown  Unknown
libucp.so.0.0.0    00001531B1117E9A  ucp_worker_progre     Unknown  Unknown
mca_pml_ucx.so     00001531BC33F397  mca_pml_ucx_progr     Unknown  Unknown
libopen-pal.so.40  00001531CA1CA72B  opal_progress         Unknown  Unknown
libmpi.so.40.20.2  00001531CF4B22D5  ompi_request_defa     Unknown  Unknown
libmpi.so.40.20.2  00001531CF4F513F  PMPI_Waitall          Unknown  Unknown
libmpi_mpifh.so    00001531CF7EA7ED  Unknown               Unknown  Unknown
fms_ACCESS-OM_730  0000000001BB4320  Unknown               Unknown  Unknown
fms_ACCESS-OM_730  0000000001BB32D9  Unknown               Unknown  Unknown
fms_ACCESS-OM_730  0000000001AC12B3  mod_oasis_advance        1130  mod_oasis_advance.F90
fms_ACCESS-OM_730  00000000019C2A58  mod_oasis_getput_         766  mod_oasis_getput_interface.F90
fms_ACCESS-OM_730  0000000000411D4C  mom_oasis3_interf         701  mom_oasis3_interface.F90
fms_ACCESS-OM_730  0000000000421943  MAIN__                    645  ocean_solo.F90
fms_ACCESS-OM_730  000000000040F822  Unknown               Unknown  Unknown
libc-2.28.so       00001531CEB247E5  __libc_start_main     Unknown  Unknown
fms_ACCESS-OM_730  000000000040F72E  Unknown               Unknown  Unknown
forrtl: error (78): process killed (SIGTERM)
Image              PC                Routine            Line        Source             
fms_ACCESS-OM_730  0000000001D184C4  Unknown               Unknown  Unknown
libpthread-2.28.s  000014C873DD5990  Unknown               Unknown  Unknown
libuct.so.0.0.0    000014C855EAE38A  Unknown               Unknown  Unknown
libucp.so.0.0.0    000014C856117E9A  ucp_worker_progre     Unknown  Unknown
mca_pml_ucx.so     000014C860288397  mca_pml_ucx_progr     Unknown  Unknown
libopen-pal.so.40  000014C86F0CC72B  opal_progress         Unknown  Unknown
libmpi.so.40.20.2  000014C8743B42D5  ompi_request_defa     Unknown  Unknown
libmpi.so.40.20.2  000014C8743F713F  PMPI_Waitall          Unknown  Unknown
libmpi_mpifh.so    000014C8746EC7ED  Unknown               Unknown  Unknown
fms_ACCESS-OM_730  0000000001BB4320  Unknown               Unknown  Unknown
fms_ACCESS-OM_730  0000000001BB32D9  Unknown               Unknown  Unknown
fms_ACCESS-OM_730  0000000001AC12B3  mod_oasis_advance        1130  mod_oasis_advance.F90
fms_ACCESS-OM_730  00000000019C2A58  mod_oasis_getput_         766  mod_oasis_getput_interface.F90
fms_ACCESS-OM_730  0000000000411D4C  mom_oasis3_interf         701  mom_oasis3_interface.F90
fms_ACCESS-OM_730  0000000000421943  MAIN__                    645  ocean_solo.F90
fms_ACCESS-OM_730  000000000040F822  Unknown               Unknown  Unknown
libc-2.28.so       000014C873A267E5  __libc_start_main     Unknown  Unknown
fms_ACCESS-OM_730  000000000040F72E  Unknown               Unknown  Unknown
forrtl: error (78): process killed (SIGTERM)
Image              PC                Routine            Line        Source             
fms_ACCESS-OM_730  0000000001D184C4  Unknown               Unknown  Unknown
libpthread-2.28.s  0000148127D17990  Unknown               Unknown  Unknown
libuct_ib.so.0.0.  0000148107A35674  Unknown               Unknown  Unknown
libucp.so.0.0.0    0000148109F12E9A  ucp_worker_progre     Unknown  Unknown
mca_pml_ucx.so     0000148114185397  mca_pml_ucx_progr     Unknown  Unknown
libopen-pal.so.40  000014812300E72B  opal_progress         Unknown  Unknown
libmpi.so.40.20.2  00001481282F62D5  ompi_request_defa     Unknown  Unknown
libmpi.so.40.20.2  000014812833913F  PMPI_Waitall          Unknown  Unknown
libmpi_mpifh.so    000014812862E7ED  Unknown               Unknown  Unknown
fms_ACCESS-OM_730  0000000001BB4320  Unknown               Unknown  Unknown
fms_ACCESS-OM_730  0000000001BB32D9  Unknown               Unknown  Unknown
fms_ACCESS-OM_730  0000000001AC12B3  mod_oasis_advance        1130  mod_oasis_advance.F90
fms_ACCESS-OM_730  00000000019C2A58  mod_oasis_getput_         766  mod_oasis_getput_interface.F90
fms_ACCESS-OM_730  0000000000411D4C  mom_oasis3_interf         701  mom_oasis3_interface.F90
fms_ACCESS-OM_730  0000000000421943  MAIN__                    645  ocean_solo.F90
fms_ACCESS-OM_730  000000000040F822  Unknown               Unknown  Unknown
libc-2.28.so       00001481279687E5  __libc_start_main     Unknown  Unknown
fms_ACCESS-OM_730  000000000040F72E  Unknown               Unknown  Unknown
forrtl: error (78): process killed (SIGTERM)
Image              PC                Routine            Line        Source             
fms_ACCESS-OM_730  0000000001D184C4  Unknown               Unknown  Unknown
libpthread-2.28.s  0000150B9F4EE990  Unknown               Unknown  Unknown
libuct_ib.so.0.0.  0000150B7F37766D  Unknown               Unknown  Unknown
libucp.so.0.0.0    0000150B8C4C3E9A  ucp_worker_progre     Unknown  Unknown
mca_pml_ucx.so     0000150B8C96B397  mca_pml_ucx_progr     Unknown  Unknown
libopen-pal.so.40  0000150B9A7E572B  opal_progress         Unknown  Unknown
libmpi.so.40.20.2  0000150B9FACD2D5  ompi_request_defa     Unknown  Unknown
libmpi.so.40.20.2  0000150B9FB1013F  PMPI_Waitall          Unknown  Unknown
libmpi_mpifh.so    0000150B9FE057ED  Unknown               Unknown  Unknown
fms_ACCESS-OM_730  0000000001BB4320  Unknown               Unknown  Unknown
fms_ACCESS-OM_730  0000000001BB32D9  Unknown               Unknown  Unknown
fms_ACCESS-OM_730  0000000001AC12B3  mod_oasis_advance        1130  mod_oasis_advance.F90
fms_ACCESS-OM_730  00000000019C2A58  mod_oasis_getput_         766  mod_oasis_getput_interface.F90
fms_ACCESS-OM_730  0000000000411D4C  mom_oasis3_interf         701  mom_oasis3_interface.F90
fms_ACCESS-OM_730  0000000000421943  MAIN__                    645  ocean_solo.F90
fms_ACCESS-OM_730  000000000040F822  Unknown               Unknown  Unknown
libc-2.28.so       0000150B9F13F7E5  __libc_start_main     Unknown  Unknown
fms_ACCESS-OM_730  000000000040F72E  Unknown               Unknown  Unknown
forrtl: error (78): process killed (SIGTERM)
Image              PC                Routine            Line        Source             
fms_ACCESS-OM_730  0000000001D184C4  Unknown               Unknown  Unknown
libpthread-2.28.s  000014DDCAA77990  Unknown               Unknown  Unknown
mca_coll_libnbc.s  000014DDA3DE2E6D  ompi_coll_libnbc_     Unknown  Unknown
libopen-pal.so.40  000014DDC5D6E72B  opal_progress         Unknown  Unknown
libmpi.so.40.20.2  000014DDCB0562D5  ompi_request_defa     Unknown  Unknown
libmpi.so.40.20.2  000014DDCB09913F  PMPI_Waitall          Unknown  Unknown
libmpi_mpifh.so    000014DDCB38E7ED  Unknown               Unknown  Unknown
fms_ACCESS-OM_730  0000000001BB4320  Unknown               Unknown  Unknown
fms_ACCESS-OM_730  0000000001BB32D9  Unknown               Unknown  Unknown
fms_ACCESS-OM_730  0000000001AC12B3  mod_oasis_advance        1130  mod_oasis_advance.F90
fms_ACCESS-OM_730  00000000019C2A58  mod_oasis_getput_         766  mod_oasis_getput_interface.F90
fms_ACCESS-OM_730  0000000000411D4C  mom_oasis3_interf         701  mom_oasis3_interface.F90
fms_ACCESS-OM_730  0000000000421943  MAIN__                    645  ocean_solo.F90
fms_ACCESS-OM_730  000000000040F822  Unknown               Unknown  Unknown
libc-2.28.so       000014DDCA6C87E5  __libc_start_main     Unknown  Unknown
fms_ACCESS-OM_730  000000000040F72E  Unknown               Unknown  Unknown
forrtl: error (78): process killed (SIGTERM)
Image              PC                Routine            Line        Source             
fms_ACCESS-OM_730  0000000001D184C4  Unknown               Unknown  Unknown
libpthread-2.28.s  0000149054984990  Unknown               Unknown  Unknown
libhcoll.so.1.0.1  00001490324F476C  hcoll_ml_progress     Unknown  Unknown
libopen-pal.so.40  000014904FC7B72B  opal_progress         Unknown  Unknown
libmpi.so.40.20.2  0000149054F632D5  ompi_request_defa     Unknown  Unknown
libmpi.so.40.20.2  0000149054FA613F  PMPI_Waitall          Unknown  Unknown
libmpi_mpifh.so    000014905529B7ED  Unknown               Unknown  Unknown
fms_ACCESS-OM_730  0000000001BB4320  Unknown               Unknown  Unknown
fms_ACCESS-OM_730  0000000001BB32D9  Unknown               Unknown  Unknown
fms_ACCESS-OM_730  0000000001AC12B3  mod_oasis_advance        1130  mod_oasis_advance.F90
fms_ACCESS-OM_730  00000000019C2A58  mod_oasis_getput_         766  mod_oasis_getput_interface.F90
fms_ACCESS-OM_730  0000000000411D4C  mom_oasis3_interf         701  mom_oasis3_interface.F90
fms_ACCESS-OM_730  0000000000421943  MAIN__                    645  ocean_solo.F90
fms_ACCESS-OM_730  000000000040F822  Unknown               Unknown  Unknown
libc-2.28.so       00001490545D57E5  __libc_start_main     Unknown  Unknown
fms_ACCESS-OM_730  000000000040F72E  Unknown               Unknown  Unknown
forrtl: error (78): process killed (SIGTERM)
Image              PC                Routine            Line        Source             
fms_ACCESS-OM_730  0000000001D184C4  Unknown               Unknown  Unknown
libpthread-2.28.s  0000145D60FBA990  Unknown               Unknown  Unknown
libucp.so.0.0.0    0000145D4CFF8EF6  ucp_worker_progre     Unknown  Unknown
mca_pml_ucx.so     0000145D4D4A0397  mca_pml_ucx_progr     Unknown  Unknown
libopen-pal.so.40  0000145D5C2B172B  opal_progress         Unknown  Unknown
libmpi.so.40.20.2  0000145D615992D5  ompi_request_defa     Unknown  Unknown
libmpi.so.40.20.2  0000145D615DC13F  PMPI_Waitall          Unknown  Unknown
libmpi_mpifh.so    0000145D618D17ED  Unknown               Unknown  Unknown
fms_ACCESS-OM_730  0000000001BB4320  Unknown               Unknown  Unknown
fms_ACCESS-OM_730  0000000001BB32D9  Unknown               Unknown  Unknown
fms_ACCESS-OM_730  0000000001AC12B3  mod_oasis_advance        1130  mod_oasis_advance.F90
fms_ACCESS-OM_730  00000000019C2A58  mod_oasis_getput_         766  mod_oasis_getput_interface.F90
fms_ACCESS-OM_730  0000000000411D4C  mom_oasis3_interf         701  mom_oasis3_interface.F90
fms_ACCESS-OM_730  0000000000421943  MAIN__                    645  ocean_solo.F90
fms_ACCESS-OM_730  000000000040F822  Unknown               Unknown  Unknown
libc-2.28.so       0000145D60C0B7E5  __libc_start_main     Unknown  Unknown
fms_ACCESS-OM_730  000000000040F72E  Unknown               Unknown  Unknown
forrtl: error (78): process killed (SIGTERM)
Image              PC                Routine            Line        Source             
fms_ACCESS-OM_730  0000000001D184C4  Unknown               Unknown  Unknown
libpthread-2.28.s  000014C808262990  Unknown               Unknown  Unknown
libopen-pal.so.40  000014C803559791  opal_progress         Unknown  Unknown
libmpi.so.40.20.2  000014C8088412D5  ompi_request_defa     Unknown  Unknown
libmpi.so.40.20.2  000014C80888413F  PMPI_Waitall          Unknown  Unknown
libmpi_mpifh.so    000014C808B797ED  Unknown               Unknown  Unknown
fms_ACCESS-OM_730  0000000001BB4320  Unknown               Unknown  Unknown
fms_ACCESS-OM_730  0000000001BB32D9  Unknown               Unknown  Unknown
fms_ACCESS-OM_730  0000000001AC12B3  mod_oasis_advance        1130  mod_oasis_advance.F90
fms_ACCESS-OM_730  00000000019C2A58  mod_oasis_getput_         766  mod_oasis_getput_interface.F90
fms_ACCESS-OM_730  0000000000411D4C  mom_oasis3_interf         701  mom_oasis3_interface.F90
fms_ACCESS-OM_730  0000000000421943  MAIN__                    645  ocean_solo.F90
fms_ACCESS-OM_730  000000000040F822  Unknown               Unknown  Unknown
libc-2.28.so       000014C807EB37E5  __libc_start_main     Unknown  Unknown
fms_ACCESS-OM_730  000000000040F72E  Unknown               Unknown  Unknown
forrtl: error (78): process killed (SIGTERM)
Image              PC                Routine            Line        Source             
fms_ACCESS-OM_730  0000000001D184C4  Unknown               Unknown  Unknown
libpthread-2.28.s  00001501F060C990  Unknown               Unknown  Unknown
libopen-pal.so.40  00001501EB90372B  opal_progress         Unknown  Unknown
libmpi.so.40.20.2  00001501F0BEB2D5  ompi_request_defa     Unknown  Unknown
libmpi.so.40.20.2  00001501F0C2E13F  PMPI_Waitall          Unknown  Unknown
libmpi_mpifh.so    00001501F0F237ED  Unknown               Unknown  Unknown
fms_ACCESS-OM_730  0000000001BB4320  Unknown               Unknown  Unknown
fms_ACCESS-OM_730  0000000001BB32D9  Unknown               Unknown  Unknown
fms_ACCESS-OM_730  0000000001AC12B3  mod_oasis_advance        1130  mod_oasis_advance.F90
fms_ACCESS-OM_730  00000000019C2A58  mod_oasis_getput_         766  mod_oasis_getput_interface.F90
fms_ACCESS-OM_730  0000000000411D4C  mom_oasis3_interf         701  mom_oasis3_interface.F90
fms_ACCESS-OM_730  0000000000421943  MAIN__                    645  ocean_solo.F90
fms_ACCESS-OM_730  000000000040F822  Unknown               Unknown  Unknown
libc-2.28.so       00001501F025D7E5  __libc_start_main     Unknown  Unknown
fms_ACCESS-OM_730  000000000040F72E  Unknown               Unknown  Unknown
forrtl: error (78): process killed (SIGTERM)
Image              PC                Routine            Line        Source             
fms_ACCESS-OM_730  0000000001D184C4  Unknown               Unknown  Unknown
libpthread-2.28.s  00001507BBBBA990  Unknown               Unknown  Unknown
libopen-pal.so.40  00001507B6EB15E7  Unknown               Unknown  Unknown
libopen-pal.so.40  00001507B6EB177B  opal_progress         Unknown  Unknown
libmpi.so.40.20.2  00001507BC1992D5  ompi_request_defa     Unknown  Unknown
libmpi.so.40.20.2  00001507BC1DC13F  PMPI_Waitall          Unknown  Unknown
libmpi_mpifh.so    00001507BC4D17ED  Unknown               Unknown  Unknown
fms_ACCESS-OM_730  0000000001BB4320  Unknown               Unknown  Unknown
fms_ACCESS-OM_730  0000000001BB32D9  Unknown               Unknown  Unknown
fms_ACCESS-OM_730  0000000001AC12B3  mod_oasis_advance        1130  mod_oasis_advance.F90
fms_ACCESS-OM_730  00000000019C2A58  mod_oasis_getput_         766  mod_oasis_getput_interface.F90
fms_ACCESS-OM_730  0000000000411D4C  mom_oasis3_interf         701  mom_oasis3_interface.F90
fms_ACCESS-OM_730  0000000000421943  MAIN__                    645  ocean_solo.F90
fms_ACCESS-OM_730  000000000040F822  Unknown               Unknown  Unknown
libc-2.28.so       00001507BB80B7E5  __libc_start_main     Unknown  Unknown
fms_ACCESS-OM_730  000000000040F72E  Unknown               Unknown  Unknown
forrtl: error (78): process killed (SIGTERM)
Image              PC                Routine            Line        Source             
fms_ACCESS-OM_730  0000000001D184C4  Unknown               Unknown  Unknown
libpthread-2.28.s  000014659AA3A990  Unknown               Unknown  Unknown
libucp.so.0.0.0    000014657CD06E90  ucp_worker_progre     Unknown  Unknown
mca_pml_ucx.so     000014657D1AE397  mca_pml_ucx_progr     Unknown  Unknown
libopen-pal.so.40  0000146595D3172B  opal_progress         Unknown  Unknown
libmpi.so.40.20.2  000014659B0192D5  ompi_request_defa     Unknown  Unknown
libmpi.so.40.20.2  000014659B05C13F  PMPI_Waitall          Unknown  Unknown
libmpi_mpifh.so    000014659B3517ED  Unknown               Unknown  Unknown
fms_ACCESS-OM_730  0000000001BB4320  Unknown               Unknown  Unknown
fms_ACCESS-OM_730  0000000001BB32D9  Unknown               Unknown  Unknown
fms_ACCESS-OM_730  0000000001AC12B3  mod_oasis_advance        1130  mod_oasis_advance.F90
fms_ACCESS-OM_730  00000000019C2A58  mod_oasis_getput_         766  mod_oasis_getput_interface.F90
fms_ACCESS-OM_730  0000000000411D4C  mom_oasis3_interf         701  mom_oasis3_interface.F90
fms_ACCESS-OM_730  0000000000421943  MAIN__                    645  ocean_solo.F90
fms_ACCESS-OM_730  000000000040F822  Unknown               Unknown  Unknown
libc-2.28.so       000014659A68B7E5  __libc_start_main     Unknown  Unknown
fms_ACCESS-OM_730  000000000040F72E  Unknown               Unknown  Unknown
forrtl: error (78): process killed (SIGTERM)
Image              PC                Routine            Line        Source             
fms_ACCESS-OM_730  0000000001D184C4  Unknown               Unknown  Unknown
libpthread-2.28.s  000014DCC9BFD990  Unknown               Unknown  Unknown
libuct_ib.so.0.0.  000014DCB46C2E8A  Unknown               Unknown  Unknown
libucp.so.0.0.0    000014DCB5C1AE9A  ucp_worker_progre     Unknown  Unknown
mca_pml_ucx.so     000014DCB60C2397  mca_pml_ucx_progr     Unknown  Unknown
libopen-pal.so.40  000014DCC4EF472B  opal_progress         Unknown  Unknown
libmpi.so.40.20.2  000014DCCA1DC2D5  ompi_request_defa     Unknown  Unknown
libmpi.so.40.20.2  000014DCCA21F13F  PMPI_Waitall          Unknown  Unknown
libmpi_mpifh.so    000014DCCA5147ED  Unknown               Unknown  Unknown
fms_ACCESS-OM_730  0000000001BB4320  Unknown               Unknown  Unknown
fms_ACCESS-OM_730  0000000001BB32D9  Unknown               Unknown  Unknown
fms_ACCESS-OM_730  0000000001AC12B3  mod_oasis_advance        1130  mod_oasis_advance.F90
fms_ACCESS-OM_730  00000000019C2A58  mod_oasis_getput_         766  mod_oasis_getput_interface.F90
fms_ACCESS-OM_730  0000000000411D4C  mom_oasis3_interf         701  mom_oasis3_interface.F90
fms_ACCESS-OM_730  0000000000421943  MAIN__                    645  ocean_solo.F90
fms_ACCESS-OM_730  000000000040F822  Unknown               Unknown  Unknown
libc-2.28.so       000014DCC984E7E5  __libc_start_main     Unknown  Unknown
fms_ACCESS-OM_730  000000000040F72E  Unknown               Unknown  Unknown
forrtl: error (78): process killed (SIGTERM)
Image              PC                Routine            Line        Source             
fms_ACCESS-OM_730  0000000001D184C4  Unknown               Unknown  Unknown
libpthread-2.28.s  0000147A08D5D990  Unknown               Unknown  Unknown
libopen-pal.so.40  0000147A04054718  opal_progress         Unknown  Unknown
libmpi.so.40.20.2  0000147A0933C2D5  ompi_request_defa     Unknown  Unknown
libmpi.so.40.20.2  0000147A0937F13F  PMPI_Waitall          Unknown  Unknown
libmpi_mpifh.so    0000147A096747ED  Unknown               Unknown  Unknown
fms_ACCESS-OM_730  0000000001BB4320  Unknown               Unknown  Unknown
fms_ACCESS-OM_730  0000000001BB32D9  Unknown               Unknown  Unknown
fms_ACCESS-OM_730  0000000001AC12B3  mod_oasis_advance        1130  mod_oasis_advance.F90
fms_ACCESS-OM_730  00000000019C2A58  mod_oasis_getput_         766  mod_oasis_getput_interface.F90
fms_ACCESS-OM_730  0000000000411D4C  mom_oasis3_interf         701  mom_oasis3_interface.F90
fms_ACCESS-OM_730  0000000000421943  MAIN__                    645  ocean_solo.F90
fms_ACCESS-OM_730  000000000040F822  Unknown               Unknown  Unknown
libc-2.28.so       0000147A089AE7E5  __libc_start_main     Unknown  Unknown
fms_ACCESS-OM_730  000000000040F72E  Unknown               Unknown  Unknown
forrtl: error (78): process killed (SIGTERM)
Image              PC                Routine            Line        Source             
fms_ACCESS-OM_730  0000000001D184C4  Unknown               Unknown  Unknown
libpthread-2.28.s  000014A886048990  Unknown               Unknown  Unknown
libopen-pal.so.40  000014A88133F751  opal_progress         Unknown  Unknown
libmpi.so.40.20.2  000014A8866272D5  ompi_request_defa     Unknown  Unknown
libmpi.so.40.20.2  000014A88666A13F  PMPI_Waitall          Unknown  Unknown
libmpi_mpifh.so    000014A88695F7ED  Unknown               Unknown  Unknown
fms_ACCESS-OM_730  0000000001BB4320  Unknown               Unknown  Unknown
fms_ACCESS-OM_730  0000000001BB32D9  Unknown               Unknown  Unknown
fms_ACCESS-OM_730  0000000001AC12B3  mod_oasis_advance        1130  mod_oasis_advance.F90
fms_ACCESS-OM_730  00000000019C2A58  mod_oasis_getput_         766  mod_oasis_getput_interface.F90
fms_ACCESS-OM_730  0000000000411D4C  mom_oasis3_interf         701  mom_oasis3_interface.F90
fms_ACCESS-OM_730  0000000000421943  MAIN__                    645  ocean_solo.F90
fms_ACCESS-OM_730  000000000040F822  Unknown               Unknown  Unknown
libc-2.28.so       000014A885C997E5  __libc_start_main     Unknown  Unknown
fms_ACCESS-OM_730  000000000040F72E  Unknown               Unknown  Unknown
forrtl: error (78): process killed (SIGTERM)
Image              PC                Routine            Line        Source             
fms_ACCESS-OM_730  0000000001D184C4  Unknown               Unknown  Unknown
libpthread-2.28.s  0000151205862990  Unknown               Unknown  Unknown
mca_coll_libnbc.s  00001511DEC2CE5A  ompi_coll_libnbc_     Unknown  Unknown
libopen-pal.so.40  0000151200B5972B  opal_progress         Unknown  Unknown
libmpi.so.40.20.2  0000151205E412D5  ompi_request_defa     Unknown  Unknown
libmpi.so.40.20.2  0000151205E8413F  PMPI_Waitall          Unknown  Unknown
libmpi_mpifh.so    00001512061797ED  Unknown               Unknown  Unknown
fms_ACCESS-OM_730  0000000001BB4320  Unknown               Unknown  Unknown
fms_ACCESS-OM_730  0000000001BB32D9  Unknown               Unknown  Unknown
fms_ACCESS-OM_730  0000000001AC12B3  mod_oasis_advance        1130  mod_oasis_advance.F90
fms_ACCESS-OM_730  00000000019C2A58  mod_oasis_getput_         766  mod_oasis_getput_interface.F90
fms_ACCESS-OM_730  0000000000411D4C  mom_oasis3_interf         701  mom_oasis3_interface.F90
fms_ACCESS-OM_730  0000000000421943  MAIN__                    645  ocean_solo.F90
fms_ACCESS-OM_730  000000000040F822  Unknown               Unknown  Unknown
libc-2.28.so       00001512054B37E5  __libc_start_main     Unknown  Unknown
fms_ACCESS-OM_730  000000000040F72E  Unknown               Unknown  Unknown
forrtl: error (78): process killed (SIGTERM)
Image              PC                Routine            Line        Source             
fms_ACCESS-OM_730  0000000001D184C4  Unknown               Unknown  Unknown
libpthread-2.28.s  0000146B98A6A990  Unknown               Unknown  Unknown
libuct.so.0.0.0    0000146B84880209  Unknown               Unknown  Unknown
libucp.so.0.0.0    0000146B84AE9E9A  ucp_worker_progre     Unknown  Unknown
mca_pml_ucx.so     0000146B84F91397  mca_pml_ucx_progr     Unknown  Unknown
libopen-pal.so.40  0000146B93D6172B  opal_progress         Unknown  Unknown
libmpi.so.40.20.2  0000146B990492D5  ompi_request_defa     Unknown  Unknown
libmpi.so.40.20.2  0000146B9908C13F  PMPI_Waitall          Unknown  Unknown
libmpi_mpifh.so    0000146B993817ED  Unknown               Unknown  Unknown
fms_ACCESS-OM_730  0000000001BB4320  Unknown               Unknown  Unknown
fms_ACCESS-OM_730  0000000001BB32D9  Unknown               Unknown  Unknown
fms_ACCESS-OM_730  0000000001AC12B3  mod_oasis_advance        1130  mod_oasis_advance.F90
fms_ACCESS-OM_730  00000000019C2A58  mod_oasis_getput_         766  mod_oasis_getput_interface.F90
fms_ACCESS-OM_730  0000000000411D4C  mom_oasis3_interf         701  mom_oasis3_interface.F90
fms_ACCESS-OM_730  0000000000421943  MAIN__                    645  ocean_solo.F90
fms_ACCESS-OM_730  000000000040F822  Unknown               Unknown  Unknown
libc-2.28.so       0000146B986BB7E5  __libc_start_main     Unknown  Unknown
fms_ACCESS-OM_730  000000000040F72E  Unknown               Unknown  Unknown
forrtl: error (78): process killed (SIGTERM)
Image              PC                Routine            Line        Source             
fms_ACCESS-OM_730  0000000001D184C4  Unknown               Unknown  Unknown
libpthread-2.28.s  0000150ACF210990  Unknown               Unknown  Unknown
libuct.so.0.0.0    0000150AB118C20D  Unknown               Unknown  Unknown
libucp.so.0.0.0    0000150ABC1AFE9A  ucp_worker_progre     Unknown  Unknown
mca_pml_ucx.so     0000150ABC657397  mca_pml_ucx_progr     Unknown  Unknown
libopen-pal.so.40  0000150ACA50772B  opal_progress         Unknown  Unknown
libmpi.so.40.20.2  0000150ACF7EF2D5  ompi_request_defa     Unknown  Unknown
libmpi.so.40.20.2  0000150ACF83213F  PMPI_Waitall          Unknown  Unknown
libmpi_mpifh.so    0000150ACFB277ED  Unknown               Unknown  Unknown
fms_ACCESS-OM_730  0000000001BB4320  Unknown               Unknown  Unknown
fms_ACCESS-OM_730  0000000001BB32D9  Unknown               Unknown  Unknown
fms_ACCESS-OM_730  0000000001AC12B3  mod_oasis_advance        1130  mod_oasis_advance.F90
fms_ACCESS-OM_730  00000000019C2A58  mod_oasis_getput_         766  mod_oasis_getput_interface.F90
fms_ACCESS-OM_730  0000000000411D4C  mom_oasis3_interf         701  mom_oasis3_interface.F90
fms_ACCESS-OM_730  0000000000421943  MAIN__                    645  ocean_solo.F90
fms_ACCESS-OM_730  000000000040F822  Unknown               Unknown  Unknown
libc-2.28.so       0000150ACEE617E5  __libc_start_main     Unknown  Unknown
fms_ACCESS-OM_730  000000000040F72E  Unknown               Unknown  Unknown
forrtl: error (78): process killed (SIGTERM)
Image              PC                Routine            Line        Source             
fms_ACCESS-OM_730  0000000001D184C4  Unknown               Unknown  Unknown
libpthread-2.28.s  0000147282EF7990  Unknown               Unknown  Unknown
libuct.so.0.0.0    0000147264EAE391  Unknown               Unknown  Unknown
libucp.so.0.0.0    0000147265117E9A  ucp_worker_progre     Unknown  Unknown
mca_pml_ucx.so     000014727033F397  mca_pml_ucx_progr     Unknown  Unknown
libopen-pal.so.40  000014727E1EE72B  opal_progress         Unknown  Unknown
libmpi.so.40.20.2  00001472834D62D5  ompi_request_defa     Unknown  Unknown
libmpi.so.40.20.2  000014728351913F  PMPI_Waitall          Unknown  Unknown
libmpi_mpifh.so    000014728380E7ED  Unknown               Unknown  Unknown
fms_ACCESS-OM_730  0000000001BB4320  Unknown               Unknown  Unknown
fms_ACCESS-OM_730  0000000001BB32D9  Unknown               Unknown  Unknown
fms_ACCESS-OM_730  0000000001AC12B3  mod_oasis_advance        1130  mod_oasis_advance.F90
fms_ACCESS-OM_730  00000000019C2A58  mod_oasis_getput_         766  mod_oasis_getput_interface.F90
fms_ACCESS-OM_730  0000000000411D4C  mom_oasis3_interf         701  mom_oasis3_interface.F90
fms_ACCESS-OM_730  0000000000421943  MAIN__                    645  ocean_solo.F90
fms_ACCESS-OM_730  000000000040F822  Unknown               Unknown  Unknown
libc-2.28.so       0000147282B487E5  __libc_start_main     Unknown  Unknown
fms_ACCESS-OM_730  000000000040F72E  Unknown               Unknown  Unknown
forrtl: error (78): process killed (SIGTERM)
Image              PC                Routine            Line        Source             
fms_ACCESS-OM_730  0000000001D184C4  Unknown               Unknown  Unknown
libpthread-2.28.s  000014965CE51990  Unknown               Unknown  Unknown
libopen-pal.so.40  0000149658148734  opal_progress         Unknown  Unknown
libmpi.so.40.20.2  000014965D4302D5  ompi_request_defa     Unknown  Unknown
libmpi.so.40.20.2  000014965D47313F  PMPI_Waitall          Unknown  Unknown
libmpi_mpifh.so    000014965D7687ED  Unknown               Unknown  Unknown
fms_ACCESS-OM_730  0000000001BB4320  Unknown               Unknown  Unknown
fms_ACCESS-OM_730  0000000001BB32D9  Unknown               Unknown  Unknown
fms_ACCESS-OM_730  0000000001AC12B3  mod_oasis_advance        1130  mod_oasis_advance.F90
fms_ACCESS-OM_730  00000000019C2A58  mod_oasis_getput_         766  mod_oasis_getput_interface.F90
fms_ACCESS-OM_730  0000000000411D4C  mom_oasis3_interf         701  mom_oasis3_interface.F90
fms_ACCESS-OM_730  0000000000421943  MAIN__                    645  ocean_solo.F90
fms_ACCESS-OM_730  000000000040F822  Unknown               Unknown  Unknown
libc-2.28.so       000014965CAA27E5  __libc_start_main     Unknown  Unknown
fms_ACCESS-OM_730  000000000040F72E  Unknown               Unknown  Unknown
forrtl: error (78): process killed (SIGTERM)
Image              PC                Routine            Line        Source             
fms_ACCESS-OM_730  0000000001D184C4  Unknown               Unknown  Unknown
libpthread-2.28.s  000014AD7E103990  Unknown               Unknown  Unknown
mca_coll_libnbc.s  000014AD57654022  ompi_coll_libnbc_     Unknown  Unknown
libopen-pal.so.40  000014AD793FA72B  opal_progress         Unknown  Unknown
libmpi.so.40.20.2  000014AD7E6E22D5  ompi_request_defa     Unknown  Unknown
libmpi.so.40.20.2  000014AD7E72513F  PMPI_Waitall          Unknown  Unknown
libmpi_mpifh.so    000014AD7EA1A7ED  Unknown               Unknown  Unknown
fms_ACCESS-OM_730  0000000001BB4320  Unknown               Unknown  Unknown
fms_ACCESS-OM_730  0000000001BB32D9  Unknown               Unknown  Unknown
fms_ACCESS-OM_730  0000000001AC12B3  mod_oasis_advance        1130  mod_oasis_advance.F90
fms_ACCESS-OM_730  00000000019C2A58  mod_oasis_getput_         766  mod_oasis_getput_interface.F90
fms_ACCESS-OM_730  0000000000411D4C  mom_oasis3_interf         701  mom_oasis3_interface.F90
fms_ACCESS-OM_730  0000000000421943  MAIN__                    645  ocean_solo.F90
fms_ACCESS-OM_730  000000000040F822  Unknown               Unknown  Unknown
libc-2.28.so       000014AD7DD547E5  __libc_start_main     Unknown  Unknown
fms_ACCESS-OM_730  000000000040F72E  Unknown               Unknown  Unknown
forrtl: error (78): process killed (SIGTERM)
Image              PC                Routine            Line        Source             
fms_ACCESS-OM_730  0000000001D184C4  Unknown               Unknown  Unknown
libpthread-2.28.s  0000149A4B546990  Unknown               Unknown  Unknown
libucp.so.0.0.0    0000149A385C8E90  ucp_worker_progre     Unknown  Unknown
mca_pml_ucx.so     0000149A38A70397  mca_pml_ucx_progr     Unknown  Unknown
libopen-pal.so.40  0000149A4683D72B  opal_progress         Unknown  Unknown
libmpi.so.40.20.2  0000149A4BB252D5  ompi_request_defa     Unknown  Unknown
libmpi.so.40.20.2  0000149A4BB6813F  PMPI_Waitall          Unknown  Unknown
libmpi_mpifh.so    0000149A4BE5D7ED  Unknown               Unknown  Unknown
fms_ACCESS-OM_730  0000000001BB4320  Unknown               Unknown  Unknown
fms_ACCESS-OM_730  0000000001BB32D9  Unknown               Unknown  Unknown
fms_ACCESS-OM_730  0000000001AC12B3  mod_oasis_advance        1130  mod_oasis_advance.F90
fms_ACCESS-OM_730  00000000019C2A58  mod_oasis_getput_         766  mod_oasis_getput_interface.F90
fms_ACCESS-OM_730  0000000000411D4C  mom_oasis3_interf         701  mom_oasis3_interface.F90
fms_ACCESS-OM_730  0000000000421943  MAIN__                    645  ocean_solo.F90
fms_ACCESS-OM_730  000000000040F822  Unknown               Unknown  Unknown
libc-2.28.so       0000149A4B1977E5  __libc_start_main     Unknown  Unknown
fms_ACCESS-OM_730  000000000040F72E  Unknown               Unknown  Unknown
forrtl: error (78): process killed (SIGTERM)
Image              PC                Routine            Line        Source             
fms_ACCESS-OM_730  0000000001D184C4  Unknown               Unknown  Unknown
libpthread-2.28.s  000014731DB55990  Unknown               Unknown  Unknown
libopen-pal.so.40  0000147318EAFC35  Unknown               Unknown  Unknown
libopen-pal.so.40  0000147318E4C5F4  Unknown               Unknown  Unknown
libopen-pal.so.40  0000147318E4C77B  opal_progress         Unknown  Unknown
libmpi.so.40.20.2  000014731E1342D5  ompi_request_defa     Unknown  Unknown
libmpi.so.40.20.2  000014731E17713F  PMPI_Waitall          Unknown  Unknown
libmpi_mpifh.so    000014731E46C7ED  Unknown               Unknown  Unknown
fms_ACCESS-OM_730  0000000001BB4320  Unknown               Unknown  Unknown
fms_ACCESS-OM_730  0000000001BB32D9  Unknown               Unknown  Unknown
fms_ACCESS-OM_730  0000000001AC12B3  mod_oasis_advance        1130  mod_oasis_advance.F90
fms_ACCESS-OM_730  00000000019C2A58  mod_oasis_getput_         766  mod_oasis_getput_interface.F90
fms_ACCESS-OM_730  0000000000411D4C  mom_oasis3_interf         701  mom_oasis3_interface.F90
fms_ACCESS-OM_730  0000000000421943  MAIN__                    645  ocean_solo.F90
fms_ACCESS-OM_730  000000000040F822  Unknown               Unknown  Unknown
libc-2.28.so       000014731D7A67E5  __libc_start_main     Unknown  Unknown
fms_ACCESS-OM_730  000000000040F72E  Unknown               Unknown  Unknown
forrtl: error (78): process killed (SIGTERM)
Image              PC                Routine            Line        Source             
fms_ACCESS-OM_730  0000000001D184C4  Unknown               Unknown  Unknown
libpthread-2.28.s  0000150352545990  Unknown               Unknown  Unknown
libuct.so.0.0.0    000015033469520A  Unknown               Unknown  Unknown
libucp.so.0.0.0    00001503348FEE9A  ucp_worker_progre     Unknown  Unknown
mca_pml_ucx.so     0000150334DA6397  mca_pml_ucx_progr     Unknown  Unknown
libopen-pal.so.40  000015034D83C72B  opal_progress         Unknown  Unknown
libmpi.so.40.20.2  0000150352B242D5  ompi_request_defa     Unknown  Unknown
libmpi.so.40.20.2  0000150352B6713F  PMPI_Waitall          Unknown  Unknown
libmpi_mpifh.so    0000150352E5C7ED  Unknown               Unknown  Unknown
fms_ACCESS-OM_730  0000000001BB4320  Unknown               Unknown  Unknown
fms_ACCESS-OM_730  0000000001BB32D9  Unknown               Unknown  Unknown
fms_ACCESS-OM_730  0000000001AC12B3  mod_oasis_advance        1130  mod_oasis_advance.F90
fms_ACCESS-OM_730  00000000019C2A58  mod_oasis_getput_         766  mod_oasis_getput_interface.F90
fms_ACCESS-OM_730  0000000000411D4C  mom_oasis3_interf         701  mom_oasis3_interface.F90
fms_ACCESS-OM_730  0000000000421943  MAIN__                    645  ocean_solo.F90
fms_ACCESS-OM_730  000000000040F822  Unknown               Unknown  Unknown
libc-2.28.so       00001503521967E5  __libc_start_main     Unknown  Unknown
fms_ACCESS-OM_730  000000000040F72E  Unknown               Unknown  Unknown
forrtl: error (78): process killed (SIGTERM)
Image              PC                Routine            Line        Source             
fms_ACCESS-OM_730  0000000001D184C4  Unknown               Unknown  Unknown
libpthread-2.28.s  0000150581F6A990  Unknown               Unknown  Unknown
libopen-pal.so.40  000015057D26172D  opal_progress         Unknown  Unknown
libmpi.so.40.20.2  00001505825492D5  ompi_request_defa     Unknown  Unknown
libmpi.so.40.20.2  000015058258C13F  PMPI_Waitall          Unknown  Unknown
libmpi_mpifh.so    00001505828817ED  Unknown               Unknown  Unknown
fms_ACCESS-OM_730  0000000001BB4320  Unknown               Unknown  Unknown
fms_ACCESS-OM_730  0000000001BB32D9  Unknown               Unknown  Unknown
fms_ACCESS-OM_730  0000000001AC12B3  mod_oasis_advance        1130  mod_oasis_advance.F90
fms_ACCESS-OM_730  00000000019C2A58  mod_oasis_getput_         766  mod_oasis_getput_interface.F90
fms_ACCESS-OM_730  0000000000411D4C  mom_oasis3_interf         701  mom_oasis3_interface.F90
fms_ACCESS-OM_730  0000000000421943  MAIN__                    645  ocean_solo.F90
fms_ACCESS-OM_730  000000000040F822  Unknown               Unknown  Unknown
libc-2.28.so       0000150581BBB7E5  __libc_start_main     Unknown  Unknown
fms_ACCESS-OM_730  000000000040F72E  Unknown               Unknown  Unknown
forrtl: error (78): process killed (SIGTERM)
Image              PC                Routine            Line        Source             
fms_ACCESS-OM_730  0000000001D184C4  Unknown               Unknown  Unknown
libpthread-2.28.s  000015163E2D9990  Unknown               Unknown  Unknown
libopen-pal.so.40  0000151639633C35  Unknown               Unknown  Unknown
libopen-pal.so.40  00001516395D05F4  Unknown               Unknown  Unknown
libopen-pal.so.40  00001516395D077B  opal_progress         Unknown  Unknown
libmpi.so.40.20.2  000015163E8B82D5  ompi_request_defa     Unknown  Unknown
libmpi.so.40.20.2  000015163E8FB13F  PMPI_Waitall          Unknown  Unknown
libmpi_mpifh.so    000015163EBF07ED  Unknown               Unknown  Unknown
fms_ACCESS-OM_730  0000000001BB4320  Unknown               Unknown  Unknown
fms_ACCESS-OM_730  0000000001BB32D9  Unknown               Unknown  Unknown
fms_ACCESS-OM_730  0000000001AC12B3  mod_oasis_advance        1130  mod_oasis_advance.F90
fms_ACCESS-OM_730  00000000019C2A58  mod_oasis_getput_         766  mod_oasis_getput_interface.F90
fms_ACCESS-OM_730  0000000000411D4C  mom_oasis3_interf         701  mom_oasis3_interface.F90
fms_ACCESS-OM_730  0000000000421943  MAIN__                    645  ocean_solo.F90
fms_ACCESS-OM_730  000000000040F822  Unknown               Unknown  Unknown
libc-2.28.so       000015163DF2A7E5  __libc_start_main     Unknown  Unknown
fms_ACCESS-OM_730  000000000040F72E  Unknown               Unknown  Unknown
forrtl: error (78): process killed (SIGTERM)
Image              PC                Routine            Line        Source             
fms_ACCESS-OM_730  0000000001D184C4  Unknown               Unknown  Unknown
libpthread-2.28.s  000014C811797990  Unknown               Unknown  Unknown
libuct.so.0.0.0    000014C7FD5A8242  Unknown               Unknown  Unknown
libucp.so.0.0.0    000014C7FD811E9A  ucp_worker_progre     Unknown  Unknown
mca_pml_ucx.so     000014C7FDCB9397  mca_pml_ucx_progr     Unknown  Unknown
libopen-pal.so.40  000014C80CA8E72B  opal_progress         Unknown  Unknown
libmpi.so.40.20.2  000014C811D762D5  ompi_request_defa     Unknown  Unknown
libmpi.so.40.20.2  000014C811DB913F  PMPI_Waitall          Unknown  Unknown
libmpi_mpifh.so    000014C8120AE7ED  Unknown               Unknown  Unknown
fms_ACCESS-OM_730  0000000001BB4320  Unknown               Unknown  Unknown
fms_ACCESS-OM_730  0000000001BB32D9  Unknown               Unknown  Unknown
fms_ACCESS-OM_730  0000000001AC12B3  mod_oasis_advance        1130  mod_oasis_advance.F90
fms_ACCESS-OM_730  00000000019C2A58  mod_oasis_getput_         766  mod_oasis_getput_interface.F90
fms_ACCESS-OM_730  0000000000411D4C  mom_oasis3_interf         701  mom_oasis3_interface.F90
fms_ACCESS-OM_730  0000000000421943  MAIN__                    645  ocean_solo.F90
fms_ACCESS-OM_730  000000000040F822  Unknown               Unknown  Unknown
libc-2.28.so       000014C8113E87E5  __libc_start_main     Unknown  Unknown
fms_ACCESS-OM_730  000000000040F72E  Unknown               Unknown  Unknown
forrtl: error (78): process killed (SIGTERM)
Image              PC                Routine            Line        Source             
fms_ACCESS-OM_730  0000000001D184C4  Unknown               Unknown  Unknown
libpthread-2.28.s  0000151C325C5990  Unknown               Unknown  Unknown
mca_coll_libnbc.s  0000151C0B98AE6D  ompi_coll_libnbc_     Unknown  Unknown
libopen-pal.so.40  0000151C2D8BC72B  opal_progress         Unknown  Unknown
libmpi.so.40.20.2  0000151C32BA42D5  ompi_request_defa     Unknown  Unknown
libmpi.so.40.20.2  0000151C32BE713F  PMPI_Waitall          Unknown  Unknown
libmpi_mpifh.so    0000151C32EDC7ED  Unknown               Unknown  Unknown
fms_ACCESS-OM_730  0000000001BB4320  Unknown               Unknown  Unknown
fms_ACCESS-OM_730  0000000001BB32D9  Unknown               Unknown  Unknown
fms_ACCESS-OM_730  0000000001AC12B3  mod_oasis_advance        1130  mod_oasis_advance.F90
fms_ACCESS-OM_730  00000000019C2A58  mod_oasis_getput_         766  mod_oasis_getput_interface.F90
fms_ACCESS-OM_730  0000000000411D4C  mom_oasis3_interf         701  mom_oasis3_interface.F90
fms_ACCESS-OM_730  0000000000421943  MAIN__                    645  ocean_solo.F90
fms_ACCESS-OM_730  000000000040F822  Unknown               Unknown  Unknown
libc-2.28.so       0000151C322167E5  __libc_start_main     Unknown  Unknown
fms_ACCESS-OM_730  000000000040F72E  Unknown               Unknown  Unknown
forrtl: error (78): process killed (SIGTERM)
Image              PC                Routine            Line        Source             
fms_ACCESS-OM_730  0000000001D184C4  Unknown               Unknown  Unknown
libpthread-2.28.s  0000151731177990  Unknown               Unknown  Unknown
libuct_ib.so.0.0.  0000151710FEAE6D  Unknown               Unknown  Unknown
libucp.so.0.0.0    000015171D1FDE9A  ucp_worker_progre     Unknown  Unknown
mca_pml_ucx.so     000015171D6A5397  mca_pml_ucx_progr     Unknown  Unknown
libopen-pal.so.40  000015172C46E72B  opal_progress         Unknown  Unknown
libmpi.so.40.20.2  00001517317562D5  ompi_request_defa     Unknown  Unknown
libmpi.so.40.20.2  000015173179913F  PMPI_Waitall          Unknown  Unknown
libmpi_mpifh.so    0000151731A8E7ED  Unknown               Unknown  Unknown
fms_ACCESS-OM_730  0000000001BB4320  Unknown               Unknown  Unknown
fms_ACCESS-OM_730  0000000001BB32D9  Unknown               Unknown  Unknown
fms_ACCESS-OM_730  0000000001AC12B3  mod_oasis_advance        1130  mod_oasis_advance.F90
fms_ACCESS-OM_730  00000000019C2A58  mod_oasis_getput_         766  mod_oasis_getput_interface.F90
fms_ACCESS-OM_730  0000000000411D4C  mom_oasis3_interf         701  mom_oasis3_interface.F90
fms_ACCESS-OM_730  0000000000421943  MAIN__                    645  ocean_solo.F90
fms_ACCESS-OM_730  000000000040F822  Unknown               Unknown  Unknown
libc-2.28.so       0000151730DC87E5  __libc_start_main     Unknown  Unknown
fms_ACCESS-OM_730  000000000040F72E  Unknown               Unknown  Unknown
forrtl: error (78): process killed (SIGTERM)
Image              PC                Routine            Line        Source             
fms_ACCESS-OM_730  0000000001D184C4  Unknown               Unknown  Unknown
libpthread-2.28.s  000015349669A990  Unknown               Unknown  Unknown
libucp.so.0.0.0    00001534788FEEBC  ucp_worker_progre     Unknown  Unknown
mca_pml_ucx.so     0000153478DA6397  mca_pml_ucx_progr     Unknown  Unknown
libopen-pal.so.40  000015349199172B  opal_progress         Unknown  Unknown
libmpi.so.40.20.2  0000153496C792D5  ompi_request_defa     Unknown  Unknown
libmpi.so.40.20.2  0000153496CBC13F  PMPI_Waitall          Unknown  Unknown
libmpi_mpifh.so    0000153496FB17ED  Unknown               Unknown  Unknown
fms_ACCESS-OM_730  0000000001BB4320  Unknown               Unknown  Unknown
fms_ACCESS-OM_730  0000000001BB32D9  Unknown               Unknown  Unknown
fms_ACCESS-OM_730  0000000001AC12B3  mod_oasis_advance        1130  mod_oasis_advance.F90
fms_ACCESS-OM_730  00000000019C2A58  mod_oasis_getput_         766  mod_oasis_getput_interface.F90
fms_ACCESS-OM_730  0000000000411D4C  mom_oasis3_interf         701  mom_oasis3_interface.F90
fms_ACCESS-OM_730  0000000000421943  MAIN__                    645  ocean_solo.F90
fms_ACCESS-OM_730  000000000040F822  Unknown               Unknown  Unknown
libc-2.28.so       00001534962EB7E5  __libc_start_main     Unknown  Unknown
fms_ACCESS-OM_730  000000000040F72E  Unknown               Unknown  Unknown
forrtl: error (78): process killed (SIGTERM)
Image              PC                Routine            Line        Source             
fms_ACCESS-OM_730  0000000001D184C4  Unknown               Unknown  Unknown
libpthread-2.28.s  000014EE37B41990  Unknown               Unknown  Unknown
libopen-pal.so.40  000014EE32E3878B  opal_progress         Unknown  Unknown
libmpi.so.40.20.2  000014EE381202D5  ompi_request_defa     Unknown  Unknown
libmpi.so.40.20.2  000014EE3816313F  PMPI_Waitall          Unknown  Unknown
libmpi_mpifh.so    000014EE384587ED  Unknown               Unknown  Unknown
fms_ACCESS-OM_730  0000000001BB4320  Unknown               Unknown  Unknown
fms_ACCESS-OM_730  0000000001BB32D9  Unknown               Unknown  Unknown
fms_ACCESS-OM_730  0000000001AC12B3  mod_oasis_advance        1130  mod_oasis_advance.F90
fms_ACCESS-OM_730  00000000019C2A58  mod_oasis_getput_         766  mod_oasis_getput_interface.F90
fms_ACCESS-OM_730  0000000000411D4C  mom_oasis3_interf         701  mom_oasis3_interface.F90
fms_ACCESS-OM_730  0000000000421943  MAIN__                    645  ocean_solo.F90
fms_ACCESS-OM_730  000000000040F822  Unknown               Unknown  Unknown
libc-2.28.so       000014EE377927E5  __libc_start_main     Unknown  Unknown
fms_ACCESS-OM_730  000000000040F72E  Unknown               Unknown  Unknown
forrtl: error (78): process killed (SIGTERM)
Image              PC                Routine            Line        Source             
fms_ACCESS-OM_730  0000000001D184C4  Unknown               Unknown  Unknown
libpthread-2.28.s  0000151495C36990  Unknown               Unknown  Unknown
libuct_ib.so.0.0.  00001514806C2692  Unknown               Unknown  Unknown
libucp.so.0.0.0    0000151481C1AE9A  ucp_worker_progre     Unknown  Unknown
mca_pml_ucx.so     00001514820C2397  mca_pml_ucx_progr     Unknown  Unknown
libopen-pal.so.40  0000151490F2D72B  opal_progress         Unknown  Unknown
libmpi.so.40.20.2  00001514962152D5  ompi_request_defa     Unknown  Unknown
libmpi.so.40.20.2  000015149625813F  PMPI_Waitall          Unknown  Unknown
libmpi_mpifh.so    000015149654D7ED  Unknown               Unknown  Unknown
fms_ACCESS-OM_730  0000000001BB4320  Unknown               Unknown  Unknown
fms_ACCESS-OM_730  0000000001BB32D9  Unknown               Unknown  Unknown
fms_ACCESS-OM_730  0000000001AC12B3  mod_oasis_advance        1130  mod_oasis_advance.F90
fms_ACCESS-OM_730  00000000019C2A58  mod_oasis_getput_         766  mod_oasis_getput_interface.F90
fms_ACCESS-OM_730  0000000000411D4C  mom_oasis3_interf         701  mom_oasis3_interface.F90
fms_ACCESS-OM_730  0000000000421943  MAIN__                    645  ocean_solo.F90
fms_ACCESS-OM_730  000000000040F822  Unknown               Unknown  Unknown
libc-2.28.so       00001514958877E5  __libc_start_main     Unknown  Unknown
fms_ACCESS-OM_730  000000000040F72E  Unknown               Unknown  Unknown
forrtl: error (78): process killed (SIGTERM)
Image              PC                Routine            Line        Source             
fms_ACCESS-OM_730  0000000001D184C4  Unknown               Unknown  Unknown
libpthread-2.28.s  000014966CCA1990  Unknown               Unknown  Unknown
mca_coll_libnbc.s  000014964A242E54  ompi_coll_libnbc_     Unknown  Unknown
libopen-pal.so.40  0000149667F9872B  opal_progress         Unknown  Unknown
libmpi.so.40.20.2  000014966D2802D5  ompi_request_defa     Unknown  Unknown
libmpi.so.40.20.2  000014966D2C313F  PMPI_Waitall          Unknown  Unknown
libmpi_mpifh.so    000014966D5B87ED  Unknown               Unknown  Unknown
fms_ACCESS-OM_730  0000000001BB4320  Unknown               Unknown  Unknown
fms_ACCESS-OM_730  0000000001BB32D9  Unknown               Unknown  Unknown
fms_ACCESS-OM_730  0000000001AC12B3  mod_oasis_advance        1130  mod_oasis_advance.F90
fms_ACCESS-OM_730  00000000019C2A58  mod_oasis_getput_         766  mod_oasis_getput_interface.F90
fms_ACCESS-OM_730  0000000000411D4C  mom_oasis3_interf         701  mom_oasis3_interface.F90
fms_ACCESS-OM_730  0000000000421943  MAIN__                    645  ocean_solo.F90
fms_ACCESS-OM_730  000000000040F822  Unknown               Unknown  Unknown
libc-2.28.so       000014966C8F27E5  __libc_start_main     Unknown  Unknown
fms_ACCESS-OM_730  000000000040F72E  Unknown               Unknown  Unknown
forrtl: error (78): process killed (SIGTERM)
Image              PC                Routine            Line        Source             
fms_ACCESS-OM_730  0000000001D184C4  Unknown               Unknown  Unknown
libpthread-2.28.s  0000147FBB12E990  Unknown               Unknown  Unknown
mca_coll_libnbc.s  0000147F98618E6D  ompi_coll_libnbc_     Unknown  Unknown
libopen-pal.so.40  0000147FB642572B  opal_progress         Unknown  Unknown
libmpi.so.40.20.2  0000147FBB70D2D5  ompi_request_defa     Unknown  Unknown
libmpi.so.40.20.2  0000147FBB75013F  PMPI_Waitall          Unknown  Unknown
libmpi_mpifh.so    0000147FBBA457ED  Unknown               Unknown  Unknown
fms_ACCESS-OM_730  0000000001BB4320  Unknown               Unknown  Unknown
fms_ACCESS-OM_730  0000000001BB32D9  Unknown               Unknown  Unknown
fms_ACCESS-OM_730  0000000001AC12B3  mod_oasis_advance        1130  mod_oasis_advance.F90
fms_ACCESS-OM_730  00000000019C2A58  mod_oasis_getput_         766  mod_oasis_getput_interface.F90
fms_ACCESS-OM_730  0000000000411D4C  mom_oasis3_interf         701  mom_oasis3_interface.F90
fms_ACCESS-OM_730  0000000000421943  MAIN__                    645  ocean_solo.F90
fms_ACCESS-OM_730  000000000040F822  Unknown               Unknown  Unknown
libc-2.28.so       0000147FBAD7F7E5  __libc_start_main     Unknown  Unknown
fms_ACCESS-OM_730  000000000040F72E  Unknown               Unknown  Unknown
forrtl: error (78): process killed (SIGTERM)
Image              PC                Routine            Line        Source             
fms_ACCESS-OM_730  0000000001D184C4  Unknown               Unknown  Unknown
libpthread-2.28.s  0000154E03F36990  Unknown               Unknown  Unknown
libuct_ib.so.0.0.  0000154DE3C3A68E  Unknown               Unknown  Unknown
libucp.so.0.0.0    0000154DE6117E9A  ucp_worker_progre     Unknown  Unknown
mca_pml_ucx.so     0000154DF0389397  mca_pml_ucx_progr     Unknown  Unknown
libopen-pal.so.40  0000154DFF22D72B  opal_progress         Unknown  Unknown
libmpi.so.40.20.2  0000154E045152D5  ompi_request_defa     Unknown  Unknown
libmpi.so.40.20.2  0000154E0455813F  PMPI_Waitall          Unknown  Unknown
libmpi_mpifh.so    0000154E0484D7ED  Unknown               Unknown  Unknown
fms_ACCESS-OM_730  0000000001BB4320  Unknown               Unknown  Unknown
fms_ACCESS-OM_730  0000000001BB32D9  Unknown               Unknown  Unknown
fms_ACCESS-OM_730  0000000001AC12B3  mod_oasis_advance        1130  mod_oasis_advance.F90
fms_ACCESS-OM_730  00000000019C2A58  mod_oasis_getput_         766  mod_oasis_getput_interface.F90
fms_ACCESS-OM_730  0000000000411D4C  mom_oasis3_interf         701  mom_oasis3_interface.F90
fms_ACCESS-OM_730  0000000000421943  MAIN__                    645  ocean_solo.F90
fms_ACCESS-OM_730  000000000040F822  Unknown               Unknown  Unknown
libc-2.28.so       0000154E03B877E5  __libc_start_main     Unknown  Unknown
fms_ACCESS-OM_730  000000000040F72E  Unknown               Unknown  Unknown
forrtl: error (78): process killed (SIGTERM)
Image              PC                Routine            Line        Source             
fms_ACCESS-OM_730  0000000001D184C4  Unknown               Unknown  Unknown
libpthread-2.28.s  0000145E0BF5A990  Unknown               Unknown  Unknown
libuct.so.0.0.0    0000145DF805C214  Unknown               Unknown  Unknown
libucp.so.0.0.0    0000145DEE117E9A  ucp_worker_progre     Unknown  Unknown
mca_pml_ucx.so     0000145DF848F397  mca_pml_ucx_progr     Unknown  Unknown
libopen-pal.so.40  0000145E0725172B  opal_progress         Unknown  Unknown
libmpi.so.40.20.2  0000145E0C5392D5  ompi_request_defa     Unknown  Unknown
libmpi.so.40.20.2  0000145E0C57C13F  PMPI_Waitall          Unknown  Unknown
libmpi_mpifh.so    0000145E0C8717ED  Unknown               Unknown  Unknown
fms_ACCESS-OM_730  0000000001BB4320  Unknown               Unknown  Unknown
fms_ACCESS-OM_730  0000000001BB32D9  Unknown               Unknown  Unknown
fms_ACCESS-OM_730  0000000001AC12B3  mod_oasis_advance        1130  mod_oasis_advance.F90
fms_ACCESS-OM_730  00000000019C2A58  mod_oasis_getput_         766  mod_oasis_getput_interface.F90
fms_ACCESS-OM_730  0000000000411D4C  mom_oasis3_interf         701  mom_oasis3_interface.F90
fms_ACCESS-OM_730  0000000000421943  MAIN__                    645  ocean_solo.F90
fms_ACCESS-OM_730  000000000040F822  Unknown               Unknown  Unknown
libc-2.28.so       0000145E0BBAB7E5  __libc_start_main     Unknown  Unknown
fms_ACCESS-OM_730  000000000040F72E  Unknown               Unknown  Unknown
forrtl: error (78): process killed (SIGTERM)
Image              PC                Routine            Line        Source             
fms_ACCESS-OM_730  0000000001D184C4  Unknown               Unknown  Unknown
libpthread-2.28.s  0000150421C43990  Unknown               Unknown  Unknown
libopen-pal.so.40  000015041CF3A723  opal_progress         Unknown  Unknown
libmpi.so.40.20.2  00001504222222D5  ompi_request_defa     Unknown  Unknown
libmpi.so.40.20.2  000015042226513F  PMPI_Waitall          Unknown  Unknown
libmpi_mpifh.so    000015042255A7ED  Unknown               Unknown  Unknown
fms_ACCESS-OM_730  0000000001BB4320  Unknown               Unknown  Unknown
fms_ACCESS-OM_730  0000000001BB32D9  Unknown               Unknown  Unknown
fms_ACCESS-OM_730  0000000001AC12B3  mod_oasis_advance        1130  mod_oasis_advance.F90
fms_ACCESS-OM_730  00000000019C2A58  mod_oasis_getput_         766  mod_oasis_getput_interface.F90
fms_ACCESS-OM_730  0000000000411D4C  mom_oasis3_interf         701  mom_oasis3_interface.F90
fms_ACCESS-OM_730  0000000000421943  MAIN__                    645  ocean_solo.F90
fms_ACCESS-OM_730  000000000040F822  Unknown               Unknown  Unknown
libc-2.28.so       00001504218947E5  __libc_start_main     Unknown  Unknown
fms_ACCESS-OM_730  000000000040F72E  Unknown               Unknown  Unknown
forrtl: error (78): process killed (SIGTERM)
Image              PC                Routine            Line        Source             
fms_ACCESS-OM_730  0000000001D184C4  Unknown               Unknown  Unknown
libpthread-2.28.s  000014785CA56990  Unknown               Unknown  Unknown
libopen-pal.so.40  0000147857D4D791  opal_progress         Unknown  Unknown
libmpi.so.40.20.2  000014785D0352D5  ompi_request_defa     Unknown  Unknown
libmpi.so.40.20.2  000014785D07813F  PMPI_Waitall          Unknown  Unknown
libmpi_mpifh.so    000014785D36D7ED  Unknown               Unknown  Unknown
fms_ACCESS-OM_730  0000000001BB4320  Unknown               Unknown  Unknown
fms_ACCESS-OM_730  0000000001BB32D9  Unknown               Unknown  Unknown
fms_ACCESS-OM_730  0000000001AC12B3  mod_oasis_advance        1130  mod_oasis_advance.F90
fms_ACCESS-OM_730  00000000019C2A58  mod_oasis_getput_         766  mod_oasis_getput_interface.F90
fms_ACCESS-OM_730  0000000000411D4C  mom_oasis3_interf         701  mom_oasis3_interface.F90
fms_ACCESS-OM_730  0000000000421943  MAIN__                    645  ocean_solo.F90
fms_ACCESS-OM_730  000000000040F822  Unknown               Unknown  Unknown
libc-2.28.so       000014785C6A77E5  __libc_start_main     Unknown  Unknown
fms_ACCESS-OM_730  000000000040F72E  Unknown               Unknown  Unknown
forrtl: error (78): process killed (SIGTERM)
Image              PC                Routine            Line        Source             
fms_ACCESS-OM_730  0000000001D184C4  Unknown               Unknown  Unknown
libpthread-2.28.s  0000152E0B822990  Unknown               Unknown  Unknown
libopen-pal.so.40  0000152E06B1978B  opal_progress         Unknown  Unknown
libmpi.so.40.20.2  0000152E0BE012D5  ompi_request_defa     Unknown  Unknown
libmpi.so.40.20.2  0000152E0BE4413F  PMPI_Waitall          Unknown  Unknown
libmpi_mpifh.so    0000152E0C1397ED  Unknown               Unknown  Unknown
fms_ACCESS-OM_730  0000000001BB4320  Unknown               Unknown  Unknown
fms_ACCESS-OM_730  0000000001BB32D9  Unknown               Unknown  Unknown
fms_ACCESS-OM_730  0000000001AC12B3  mod_oasis_advance        1130  mod_oasis_advance.F90
fms_ACCESS-OM_730  00000000019C2A58  mod_oasis_getput_         766  mod_oasis_getput_interface.F90
fms_ACCESS-OM_730  0000000000411D4C  mom_oasis3_interf         701  mom_oasis3_interface.F90
fms_ACCESS-OM_730  0000000000421943  MAIN__                    645  ocean_solo.F90
fms_ACCESS-OM_730  000000000040F822  Unknown               Unknown  Unknown
libc-2.28.so       0000152E0B4737E5  __libc_start_main     Unknown  Unknown
fms_ACCESS-OM_730  000000000040F72E  Unknown               Unknown  Unknown
forrtl: error (78): process killed (SIGTERM)
Image              PC                Routine            Line        Source             
fms_ACCESS-OM_730  0000000001D184C4  Unknown               Unknown  Unknown
libpthread-2.28.s  00001467617A2990  Unknown               Unknown  Unknown
mca_coll_libnbc.s  000014673AC2D01C  ompi_coll_libnbc_     Unknown  Unknown
libopen-pal.so.40  000014675CA9972B  opal_progress         Unknown  Unknown
libmpi.so.40.20.2  0000146761D812D5  ompi_request_defa     Unknown  Unknown
libmpi.so.40.20.2  0000146761DC413F  PMPI_Waitall          Unknown  Unknown
libmpi_mpifh.so    00001467620B97ED  Unknown               Unknown  Unknown
fms_ACCESS-OM_730  0000000001BB4320  Unknown               Unknown  Unknown
fms_ACCESS-OM_730  0000000001BB32D9  Unknown               Unknown  Unknown
fms_ACCESS-OM_730  0000000001AC12B3  mod_oasis_advance        1130  mod_oasis_advance.F90
fms_ACCESS-OM_730  00000000019C2A58  mod_oasis_getput_         766  mod_oasis_getput_interface.F90
fms_ACCESS-OM_730  0000000000411D4C  mom_oasis3_interf         701  mom_oasis3_interface.F90
fms_ACCESS-OM_730  0000000000421943  MAIN__                    645  ocean_solo.F90
fms_ACCESS-OM_730  000000000040F822  Unknown               Unknown  Unknown
libc-2.28.so       00001467613F37E5  __libc_start_main     Unknown  Unknown
fms_ACCESS-OM_730  000000000040F72E  Unknown               Unknown  Unknown
forrtl: error (78): process killed (SIGTERM)
Image              PC                Routine            Line        Source             
fms_ACCESS-OM_730  0000000001D184C4  Unknown               Unknown  Unknown
libpthread-2.28.s  0000147EC353F990  Unknown               Unknown  Unknown
libopen-pal.so.40  0000147EBE83677B  opal_progress         Unknown  Unknown
libmpi.so.40.20.2  0000147EC3B1E2D5  ompi_request_defa     Unknown  Unknown
libmpi.so.40.20.2  0000147EC3B6113F  PMPI_Waitall          Unknown  Unknown
libmpi_mpifh.so    0000147EC3E567ED  Unknown               Unknown  Unknown
fms_ACCESS-OM_730  0000000001BB4320  Unknown               Unknown  Unknown
fms_ACCESS-OM_730  0000000001BB32D9  Unknown               Unknown  Unknown
fms_ACCESS-OM_730  0000000001AC12B3  mod_oasis_advance        1130  mod_oasis_advance.F90
fms_ACCESS-OM_730  00000000019C2A58  mod_oasis_getput_         766  mod_oasis_getput_interface.F90
fms_ACCESS-OM_730  0000000000411D4C  mom_oasis3_interf         701  mom_oasis3_interface.F90
fms_ACCESS-OM_730  0000000000421943  MAIN__                    645  ocean_solo.F90
fms_ACCESS-OM_730  000000000040F822  Unknown               Unknown  Unknown
libc-2.28.so       0000147EC31907E5  __libc_start_main     Unknown  Unknown
fms_ACCESS-OM_730  000000000040F72E  Unknown               Unknown  Unknown
forrtl: error (78): process killed (SIGTERM)
Image              PC                Routine            Line        Source             
fms_ACCESS-OM_730  0000000001D184C4  Unknown               Unknown  Unknown
libpthread-2.28.s  000014E3F1559990  Unknown               Unknown  Unknown
libuct.so.0.0.0    000014E3DD299345  Unknown               Unknown  Unknown
libucp.so.0.0.0    000014E3DD502E9A  ucp_worker_progre     Unknown  Unknown
mca_pml_ucx.so     000014E3DD9AA397  mca_pml_ucx_progr     Unknown  Unknown
libopen-pal.so.40  000014E3EC85072B  opal_progress         Unknown  Unknown
libmpi.so.40.20.2  000014E3F1B382D5  ompi_request_defa     Unknown  Unknown
libmpi.so.40.20.2  000014E3F1B7B13F  PMPI_Waitall          Unknown  Unknown
libmpi_mpifh.so    000014E3F1E707ED  Unknown               Unknown  Unknown
fms_ACCESS-OM_730  0000000001BB4320  Unknown               Unknown  Unknown
fms_ACCESS-OM_730  0000000001BB32D9  Unknown               Unknown  Unknown
fms_ACCESS-OM_730  0000000001AC12B3  mod_oasis_advance        1130  mod_oasis_advance.F90
fms_ACCESS-OM_730  00000000019C2A58  mod_oasis_getput_         766  mod_oasis_getput_interface.F90
fms_ACCESS-OM_730  0000000000411D4C  mom_oasis3_interf         701  mom_oasis3_interface.F90
fms_ACCESS-OM_730  0000000000421943  MAIN__                    645  ocean_solo.F90
fms_ACCESS-OM_730  000000000040F822  Unknown               Unknown  Unknown
libc-2.28.so       000014E3F11AA7E5  __libc_start_main     Unknown  Unknown
fms_ACCESS-OM_730  000000000040F72E  Unknown               Unknown  Unknown
forrtl: error (78): process killed (SIGTERM)
Image              PC                Routine            Line        Source             
fms_ACCESS-OM_730  0000000001D184C4  Unknown               Unknown  Unknown
libpthread-2.28.s  000014E4487A8990  Unknown               Unknown  Unknown
libuct_ib.so.0.0.  000014E42858381C  Unknown               Unknown  Unknown
libucp.so.0.0.0    000014E4347EEE9A  ucp_worker_progre     Unknown  Unknown
mca_pml_ucx.so     000014E434C96397  mca_pml_ucx_progr     Unknown  Unknown
libopen-pal.so.40  000014E443A9F72B  opal_progress         Unknown  Unknown
libmpi.so.40.20.2  000014E448D872D5  ompi_request_defa     Unknown  Unknown
libmpi.so.40.20.2  000014E448DCA13F  PMPI_Waitall          Unknown  Unknown
libmpi_mpifh.so    000014E4490BF7ED  Unknown               Unknown  Unknown
fms_ACCESS-OM_730  0000000001BB4320  Unknown               Unknown  Unknown
fms_ACCESS-OM_730  0000000001BB32D9  Unknown               Unknown  Unknown
fms_ACCESS-OM_730  0000000001AC12B3  mod_oasis_advance        1130  mod_oasis_advance.F90
fms_ACCESS-OM_730  00000000019C2A58  mod_oasis_getput_         766  mod_oasis_getput_interface.F90
fms_ACCESS-OM_730  0000000000411D4C  mom_oasis3_interf         701  mom_oasis3_interface.F90
fms_ACCESS-OM_730  0000000000421943  MAIN__                    645  ocean_solo.F90
fms_ACCESS-OM_730  000000000040F822  Unknown               Unknown  Unknown
libc-2.28.so       000014E4483F97E5  __libc_start_main     Unknown  Unknown
fms_ACCESS-OM_730  000000000040F72E  Unknown               Unknown  Unknown
forrtl: error (78): process killed (SIGTERM)
Image              PC                Routine            Line        Source             
fms_ACCESS-OM_730  0000000001D184C4  Unknown               Unknown  Unknown
libpthread-2.28.s  0000149D52F4B990  Unknown               Unknown  Unknown
libucp.so.0.0.0    0000149D35117E52  ucp_worker_progre     Unknown  Unknown
mca_pml_ucx.so     0000149D40451397  mca_pml_ucx_progr     Unknown  Unknown
libopen-pal.so.40  0000149D4E24272B  opal_progress         Unknown  Unknown
libmpi.so.40.20.2  0000149D5352A2D5  ompi_request_defa     Unknown  Unknown
libmpi.so.40.20.2  0000149D5356D13F  PMPI_Waitall          Unknown  Unknown
libmpi_mpifh.so    0000149D538627ED  Unknown               Unknown  Unknown
fms_ACCESS-OM_730  0000000001BB4320  Unknown               Unknown  Unknown
fms_ACCESS-OM_730  0000000001BB32D9  Unknown               Unknown  Unknown
fms_ACCESS-OM_730  0000000001AC12B3  mod_oasis_advance        1130  mod_oasis_advance.F90
fms_ACCESS-OM_730  00000000019C2A58  mod_oasis_getput_         766  mod_oasis_getput_interface.F90
fms_ACCESS-OM_730  0000000000411D4C  mom_oasis3_interf         701  mom_oasis3_interface.F90
fms_ACCESS-OM_730  0000000000421943  MAIN__                    645  ocean_solo.F90
fms_ACCESS-OM_730  000000000040F822  Unknown               Unknown  Unknown
libc-2.28.so       0000149D52B9C7E5  __libc_start_main     Unknown  Unknown
fms_ACCESS-OM_730  000000000040F72E  Unknown               Unknown  Unknown
forrtl: error (78): process killed (SIGTERM)
Image              PC                Routine            Line        Source             
fms_ACCESS-OM_730  0000000001D184C4  Unknown               Unknown  Unknown
libpthread-2.28.s  000014BF2B1A6990  Unknown               Unknown  Unknown
libuct.so.0.0.0    000014BF0D18C206  Unknown               Unknown  Unknown
libucp.so.0.0.0    000014BF181AFE9A  ucp_worker_progre     Unknown  Unknown
mca_pml_ucx.so     000014BF18657397  mca_pml_ucx_progr     Unknown  Unknown
libopen-pal.so.40  000014BF2649D72B  opal_progress         Unknown  Unknown
libmpi.so.40.20.2  000014BF2B7852D5  ompi_request_defa     Unknown  Unknown
libmpi.so.40.20.2  000014BF2B7C813F  PMPI_Waitall          Unknown  Unknown
libmpi_mpifh.so    000014BF2BABD7ED  Unknown               Unknown  Unknown
fms_ACCESS-OM_730  0000000001BB4320  Unknown               Unknown  Unknown
fms_ACCESS-OM_730  0000000001BB32D9  Unknown               Unknown  Unknown
fms_ACCESS-OM_730  0000000001AC12B3  mod_oasis_advance        1130  mod_oasis_advance.F90
fms_ACCESS-OM_730  00000000019C2A58  mod_oasis_getput_         766  mod_oasis_getput_interface.F90
fms_ACCESS-OM_730  0000000000411D4C  mom_oasis3_interf         701  mom_oasis3_interface.F90
fms_ACCESS-OM_730  0000000000421943  MAIN__                    645  ocean_solo.F90
fms_ACCESS-OM_730  000000000040F822  Unknown               Unknown  Unknown
libc-2.28.so       000014BF2ADF77E5  __libc_start_main     Unknown  Unknown
fms_ACCESS-OM_730  000000000040F72E  Unknown               Unknown  Unknown
forrtl: error (78): process killed (SIGTERM)
Image              PC                Routine            Line        Source             
fms_ACCESS-OM_730  0000000001D184C4  Unknown               Unknown  Unknown
libpthread-2.28.s  0000149A2353C990  Unknown               Unknown  Unknown
libuct_ib.so.0.0.  0000149A03377B80  Unknown               Unknown  Unknown
libucp.so.0.0.0    0000149A105C8E9A  ucp_worker_progre     Unknown  Unknown
mca_pml_ucx.so     0000149A10A70397  mca_pml_ucx_progr     Unknown  Unknown
libopen-pal.so.40  0000149A1E83372B  opal_progress         Unknown  Unknown
libmpi.so.40.20.2  0000149A23B1B2D5  ompi_request_defa     Unknown  Unknown
libmpi.so.40.20.2  0000149A23B5E13F  PMPI_Waitall          Unknown  Unknown
libmpi_mpifh.so    0000149A23E537ED  Unknown               Unknown  Unknown
fms_ACCESS-OM_730  0000000001BB4320  Unknown               Unknown  Unknown
fms_ACCESS-OM_730  0000000001BB32D9  Unknown               Unknown  Unknown
fms_ACCESS-OM_730  0000000001AC12B3  mod_oasis_advance        1130  mod_oasis_advance.F90
fms_ACCESS-OM_730  00000000019C2A58  mod_oasis_getput_         766  mod_oasis_getput_interface.F90
fms_ACCESS-OM_730  0000000000411D4C  mom_oasis3_interf         701  mom_oasis3_interface.F90
fms_ACCESS-OM_730  0000000000421943  MAIN__                    645  ocean_solo.F90
fms_ACCESS-OM_730  000000000040F822  Unknown               Unknown  Unknown
libc-2.28.so       0000149A2318D7E5  __libc_start_main     Unknown  Unknown
fms_ACCESS-OM_730  000000000040F72E  Unknown               Unknown  Unknown
forrtl: error (78): process killed (SIGTERM)
Image              PC                Routine            Line        Source             
fms_ACCESS-OM_730  0000000001D184C4  Unknown               Unknown  Unknown
libpthread-2.28.s  00001550219BF990  Unknown               Unknown  Unknown
libuct.so.0.0.0    000015500D7AC23A  Unknown               Unknown  Unknown
libucp.so.0.0.0    000015500DA15E9A  ucp_worker_progre     Unknown  Unknown
mca_pml_ucx.so     000015500DEBD397  mca_pml_ucx_progr     Unknown  Unknown
libopen-pal.so.40  000015501CCB672B  opal_progress         Unknown  Unknown
libmpi.so.40.20.2  0000155021F9E2D5  ompi_request_defa     Unknown  Unknown
libmpi.so.40.20.2  0000155021FE113F  PMPI_Waitall          Unknown  Unknown
libmpi_mpifh.so    00001550222D67ED  Unknown               Unknown  Unknown
fms_ACCESS-OM_730  0000000001BB4320  Unknown               Unknown  Unknown
fms_ACCESS-OM_730  0000000001BB32D9  Unknown               Unknown  Unknown
fms_ACCESS-OM_730  0000000001AC12B3  mod_oasis_advance        1130  mod_oasis_advance.F90
fms_ACCESS-OM_730  00000000019C2A58  mod_oasis_getput_         766  mod_oasis_getput_interface.F90
fms_ACCESS-OM_730  0000000000411D4C  mom_oasis3_interf         701  mom_oasis3_interface.F90
fms_ACCESS-OM_730  0000000000421943  MAIN__                    645  ocean_solo.F90
fms_ACCESS-OM_730  000000000040F822  Unknown               Unknown  Unknown
libc-2.28.so       00001550216107E5  __libc_start_main     Unknown  Unknown
fms_ACCESS-OM_730  000000000040F72E  Unknown               Unknown  Unknown
forrtl: error (78): process killed (SIGTERM)
Image              PC                Routine            Line        Source             
fms_ACCESS-OM_730  0000000001D184C4  Unknown               Unknown  Unknown
libpthread-2.28.s  0000152555441990  Unknown               Unknown  Unknown
mca_pml_ucx.so     00001525418A9399  mca_pml_ucx_progr     Unknown  Unknown
libopen-pal.so.40  000015255073872B  opal_progress         Unknown  Unknown
libmpi.so.40.20.2  0000152555A202D5  ompi_request_defa     Unknown  Unknown
libmpi.so.40.20.2  0000152555A6313F  PMPI_Waitall          Unknown  Unknown
libmpi_mpifh.so    0000152555D587ED  Unknown               Unknown  Unknown
fms_ACCESS-OM_730  0000000001BB4320  Unknown               Unknown  Unknown
fms_ACCESS-OM_730  0000000001BB32D9  Unknown               Unknown  Unknown
fms_ACCESS-OM_730  0000000001AC12B3  mod_oasis_advance        1130  mod_oasis_advance.F90
fms_ACCESS-OM_730  00000000019C2A58  mod_oasis_getput_         766  mod_oasis_getput_interface.F90
fms_ACCESS-OM_730  0000000000411D4C  mom_oasis3_interf         701  mom_oasis3_interface.F90
fms_ACCESS-OM_730  0000000000421943  MAIN__                    645  ocean_solo.F90
fms_ACCESS-OM_730  000000000040F822  Unknown               Unknown  Unknown
libc-2.28.so       00001525550927E5  __libc_start_main     Unknown  Unknown
fms_ACCESS-OM_730  000000000040F72E  Unknown               Unknown  Unknown
forrtl: error (78): process killed (SIGTERM)
Image              PC                Routine            Line        Source             
fms_ACCESS-OM_730  0000000001D184C4  Unknown               Unknown  Unknown
libpthread-2.28.s  00001480AFF5D990  Unknown               Unknown  Unknown
mca_pml_ucx.so     000014809C48F399  mca_pml_ucx_progr     Unknown  Unknown
libopen-pal.so.40  00001480AB25472B  opal_progress         Unknown  Unknown
libmpi.so.40.20.2  00001480B053C2D5  ompi_request_defa     Unknown  Unknown
libmpi.so.40.20.2  00001480B057F13F  PMPI_Waitall          Unknown  Unknown
libmpi_mpifh.so    00001480B08747ED  Unknown               Unknown  Unknown
fms_ACCESS-OM_730  0000000001BB4320  Unknown               Unknown  Unknown
fms_ACCESS-OM_730  0000000001BB32D9  Unknown               Unknown  Unknown
fms_ACCESS-OM_730  0000000001AC12B3  mod_oasis_advance        1130  mod_oasis_advance.F90
fms_ACCESS-OM_730  00000000019C2A58  mod_oasis_getput_         766  mod_oasis_getput_interface.F90
fms_ACCESS-OM_730  0000000000411D4C  mom_oasis3_interf         701  mom_oasis3_interface.F90
fms_ACCESS-OM_730  0000000000421943  MAIN__                    645  ocean_solo.F90
fms_ACCESS-OM_730  000000000040F822  Unknown               Unknown  Unknown
libc-2.28.so       00001480AFBAE7E5  __libc_start_main     Unknown  Unknown
fms_ACCESS-OM_730  000000000040F72E  Unknown               Unknown  Unknown
forrtl: error (78): process killed (SIGTERM)
Image              PC                Routine            Line        Source             
fms_ACCESS-OM_730  0000000001D184C4  Unknown               Unknown  Unknown
libpthread-2.28.s  000014F996624990  Unknown               Unknown  Unknown
mca_coll_libnbc.s  000014F96F98B022  ompi_coll_libnbc_     Unknown  Unknown
libopen-pal.so.40  000014F99191B72B  opal_progress         Unknown  Unknown
libmpi.so.40.20.2  000014F996C032D5  ompi_request_defa     Unknown  Unknown
libmpi.so.40.20.2  000014F996C4613F  PMPI_Waitall          Unknown  Unknown
libmpi_mpifh.so    000014F996F3B7ED  Unknown               Unknown  Unknown
fms_ACCESS-OM_730  0000000001BB4320  Unknown               Unknown  Unknown
fms_ACCESS-OM_730  0000000001BB32D9  Unknown               Unknown  Unknown
fms_ACCESS-OM_730  0000000001AC12B3  mod_oasis_advance        1130  mod_oasis_advance.F90
fms_ACCESS-OM_730  00000000019C2A58  mod_oasis_getput_         766  mod_oasis_getput_interface.F90
fms_ACCESS-OM_730  0000000000411D4C  mom_oasis3_interf         701  mom_oasis3_interface.F90
fms_ACCESS-OM_730  0000000000421943  MAIN__                    645  ocean_solo.F90
fms_ACCESS-OM_730  000000000040F822  Unknown               Unknown  Unknown
libc-2.28.so       000014F9962757E5  __libc_start_main     Unknown  Unknown
fms_ACCESS-OM_730  000000000040F72E  Unknown               Unknown  Unknown
forrtl: error (78): process killed (SIGTERM)
Image              PC                Routine            Line        Source             
fms_ACCESS-OM_730  0000000001D184C4  Unknown               Unknown  Unknown
libpthread-2.28.s  0000150046F6B990  Unknown               Unknown  Unknown
mca_coll_libnbc.s  000015002457BE6D  ompi_coll_libnbc_     Unknown  Unknown
libopen-pal.so.40  000015004226272B  opal_progress         Unknown  Unknown
libmpi.so.40.20.2  000015004754A2D5  ompi_request_defa     Unknown  Unknown
libmpi.so.40.20.2  000015004758D13F  PMPI_Waitall          Unknown  Unknown
libmpi_mpifh.so    00001500478827ED  Unknown               Unknown  Unknown
fms_ACCESS-OM_730  0000000001BB4320  Unknown               Unknown  Unknown
fms_ACCESS-OM_730  0000000001BB32D9  Unknown               Unknown  Unknown
fms_ACCESS-OM_730  0000000001AC12B3  mod_oasis_advance        1130  mod_oasis_advance.F90
fms_ACCESS-OM_730  00000000019C2A58  mod_oasis_getput_         766  mod_oasis_getput_interface.F90
fms_ACCESS-OM_730  0000000000411D4C  mom_oasis3_interf         701  mom_oasis3_interface.F90
fms_ACCESS-OM_730  0000000000421943  MAIN__                    645  ocean_solo.F90
fms_ACCESS-OM_730  000000000040F822  Unknown               Unknown  Unknown
libc-2.28.so       0000150046BBC7E5  __libc_start_main     Unknown  Unknown
fms_ACCESS-OM_730  000000000040F72E  Unknown               Unknown  Unknown
forrtl: error (78): process killed (SIGTERM)
Image              PC                Routine            Line        Source             
fms_ACCESS-OM_730  0000000001D184C4  Unknown               Unknown  Unknown
libpthread-2.28.s  000014BBAF232990  Unknown               Unknown  Unknown
libopen-pal.so.40  000014BBAA58CC35  Unknown               Unknown  Unknown
libopen-pal.so.40  000014BBAA5295F4  Unknown               Unknown  Unknown
libopen-pal.so.40  000014BBAA52977B  opal_progress         Unknown  Unknown
libmpi.so.40.20.2  000014BBAF8112D5  ompi_request_defa     Unknown  Unknown
libmpi.so.40.20.2  000014BBAF85413F  PMPI_Waitall          Unknown  Unknown
libmpi_mpifh.so    000014BBAFB497ED  Unknown               Unknown  Unknown
fms_ACCESS-OM_730  0000000001BB4320  Unknown               Unknown  Unknown
fms_ACCESS-OM_730  0000000001BB32D9  Unknown               Unknown  Unknown
fms_ACCESS-OM_730  0000000001AC12B3  mod_oasis_advance        1130  mod_oasis_advance.F90
fms_ACCESS-OM_730  00000000019C2A58  mod_oasis_getput_         766  mod_oasis_getput_interface.F90
fms_ACCESS-OM_730  0000000000411D4C  mom_oasis3_interf         701  mom_oasis3_interface.F90
fms_ACCESS-OM_730  0000000000421943  MAIN__                    645  ocean_solo.F90
fms_ACCESS-OM_730  000000000040F822  Unknown               Unknown  Unknown
libc-2.28.so       000014BBAEE837E5  __libc_start_main     Unknown  Unknown
fms_ACCESS-OM_730  000000000040F72E  Unknown               Unknown  Unknown
forrtl: error (78): process killed (SIGTERM)
Image              PC                Routine            Line        Source             
fms_ACCESS-OM_730  0000000001D184C4  Unknown               Unknown  Unknown
libpthread-2.28.s  00001540EAB25990  Unknown               Unknown  Unknown
libuct_ib.so.0.0.  00001540CAA35658  Unknown               Unknown  Unknown
libucp.so.0.0.0    00001540CCF12E9A  ucp_worker_progre     Unknown  Unknown
mca_pml_ucx.so     00001540D803A397  mca_pml_ucx_progr     Unknown  Unknown
libopen-pal.so.40  00001540E5E1C72B  opal_progress         Unknown  Unknown
libmpi.so.40.20.2  00001540EB1042D5  ompi_request_defa     Unknown  Unknown
libmpi.so.40.20.2  00001540EB14713F  PMPI_Waitall          Unknown  Unknown
libmpi_mpifh.so    00001540EB43C7ED  Unknown               Unknown  Unknown
fms_ACCESS-OM_730  0000000001BB4320  Unknown               Unknown  Unknown
fms_ACCESS-OM_730  0000000001BB32D9  Unknown               Unknown  Unknown
fms_ACCESS-OM_730  0000000001AC12B3  mod_oasis_advance        1130  mod_oasis_advance.F90
fms_ACCESS-OM_730  00000000019C2A58  mod_oasis_getput_         766  mod_oasis_getput_interface.F90
fms_ACCESS-OM_730  0000000000411D4C  mom_oasis3_interf         701  mom_oasis3_interface.F90
fms_ACCESS-OM_730  0000000000421943  MAIN__                    645  ocean_solo.F90
fms_ACCESS-OM_730  000000000040F822  Unknown               Unknown  Unknown
libc-2.28.so       00001540EA7767E5  __libc_start_main     Unknown  Unknown
fms_ACCESS-OM_730  000000000040F72E  Unknown               Unknown  Unknown
forrtl: error (78): process killed (SIGTERM)
Image              PC                Routine            Line        Source             
fms_ACCESS-OM_730  0000000001D184C4  Unknown               Unknown  Unknown
libpthread-2.28.s  0000154189546990  Unknown               Unknown  Unknown
libopen-pal.so.40  000015418483D635  Unknown               Unknown  Unknown
libopen-pal.so.40  000015418483D77B  opal_progress         Unknown  Unknown
libmpi.so.40.20.2  0000154189B252D5  ompi_request_defa     Unknown  Unknown
libmpi.so.40.20.2  0000154189B6813F  PMPI_Waitall          Unknown  Unknown
libmpi_mpifh.so    0000154189E5D7ED  Unknown               Unknown  Unknown
fms_ACCESS-OM_730  0000000001BB4320  Unknown               Unknown  Unknown
fms_ACCESS-OM_730  0000000001BB32D9  Unknown               Unknown  Unknown
fms_ACCESS-OM_730  0000000001AC12B3  mod_oasis_advance        1130  mod_oasis_advance.F90
fms_ACCESS-OM_730  00000000019C2A58  mod_oasis_getput_         766  mod_oasis_getput_interface.F90
fms_ACCESS-OM_730  0000000000411D4C  mom_oasis3_interf         701  mom_oasis3_interface.F90
fms_ACCESS-OM_730  0000000000421943  MAIN__                    645  ocean_solo.F90
fms_ACCESS-OM_730  000000000040F822  Unknown               Unknown  Unknown
libc-2.28.so       00001541891977E5  __libc_start_main     Unknown  Unknown
fms_ACCESS-OM_730  000000000040F72E  Unknown               Unknown  Unknown
forrtl: error (78): process killed (SIGTERM)
Image              PC                Routine            Line        Source             
fms_ACCESS-OM_730  0000000001D184C4  Unknown               Unknown  Unknown
libpthread-2.28.s  00001457CEA43990  Unknown               Unknown  Unknown
libucp.so.0.0.0    00001457B0D06E52  ucp_worker_progre     Unknown  Unknown
mca_pml_ucx.so     00001457B11AE397  mca_pml_ucx_progr     Unknown  Unknown
libopen-pal.so.40  00001457C9D3A72B  opal_progress         Unknown  Unknown
libmpi.so.40.20.2  00001457CF0222D5  ompi_request_defa     Unknown  Unknown
libmpi.so.40.20.2  00001457CF06513F  PMPI_Waitall          Unknown  Unknown
libmpi_mpifh.so    00001457CF35A7ED  Unknown               Unknown  Unknown
fms_ACCESS-OM_730  0000000001BB4320  Unknown               Unknown  Unknown
fms_ACCESS-OM_730  0000000001BB32D9  Unknown               Unknown  Unknown
fms_ACCESS-OM_730  0000000001AC12B3  mod_oasis_advance        1130  mod_oasis_advance.F90
fms_ACCESS-OM_730  00000000019C2A58  mod_oasis_getput_         766  mod_oasis_getput_interface.F90
fms_ACCESS-OM_730  0000000000411D4C  mom_oasis3_interf         701  mom_oasis3_interface.F90
fms_ACCESS-OM_730  0000000000421943  MAIN__                    645  ocean_solo.F90
fms_ACCESS-OM_730  000000000040F822  Unknown               Unknown  Unknown
libc-2.28.so       00001457CE6947E5  __libc_start_main     Unknown  Unknown
fms_ACCESS-OM_730  000000000040F72E  Unknown               Unknown  Unknown
forrtl: error (78): process killed (SIGTERM)
Image              PC                Routine            Line        Source             
fms_ACCESS-OM_730  0000000001D184C4  Unknown               Unknown  Unknown
libpthread-2.28.s  0000154F5910E990  Unknown               Unknown  Unknown
libopen-pal.so.40  0000154F54468C33  Unknown               Unknown  Unknown
libopen-pal.so.40  0000154F544055F4  Unknown               Unknown  Unknown
libopen-pal.so.40  0000154F5440577B  opal_progress         Unknown  Unknown
libmpi.so.40.20.2  0000154F596ED2D5  ompi_request_defa     Unknown  Unknown
libmpi.so.40.20.2  0000154F5973013F  PMPI_Waitall          Unknown  Unknown
libmpi_mpifh.so    0000154F59A257ED  Unknown               Unknown  Unknown
fms_ACCESS-OM_730  0000000001BB4320  Unknown               Unknown  Unknown
fms_ACCESS-OM_730  0000000001BB32D9  Unknown               Unknown  Unknown
fms_ACCESS-OM_730  0000000001AC12B3  mod_oasis_advance        1130  mod_oasis_advance.F90
fms_ACCESS-OM_730  00000000019C2A58  mod_oasis_getput_         766  mod_oasis_getput_interface.F90
fms_ACCESS-OM_730  0000000000411D4C  mom_oasis3_interf         701  mom_oasis3_interface.F90
fms_ACCESS-OM_730  0000000000421943  MAIN__                    645  ocean_solo.F90
fms_ACCESS-OM_730  000000000040F822  Unknown               Unknown  Unknown
libc-2.28.so       0000154F58D5F7E5  __libc_start_main     Unknown  Unknown
fms_ACCESS-OM_730  000000000040F72E  Unknown               Unknown  Unknown
forrtl: error (78): process killed (SIGTERM)
Image              PC                Routine            Line        Source             
fms_ACCESS-OM_730  0000000001D184C4  Unknown               Unknown  Unknown
libpthread-2.28.s  000014D78D704990  Unknown               Unknown  Unknown
libuct.so.0.0.0    000014D7794A3354  Unknown               Unknown  Unknown
libucp.so.0.0.0    000014D77970CE9A  ucp_worker_progre     Unknown  Unknown
mca_pml_ucx.so     000014D779BB4397  mca_pml_ucx_progr     Unknown  Unknown
libopen-pal.so.40  000014D7889FB72B  opal_progress         Unknown  Unknown
libmpi.so.40.20.2  000014D78DCE32D5  ompi_request_defa     Unknown  Unknown
libmpi.so.40.20.2  000014D78DD2613F  PMPI_Waitall          Unknown  Unknown
libmpi_mpifh.so    000014D78E01B7ED  Unknown               Unknown  Unknown
fms_ACCESS-OM_730  0000000001BB4320  Unknown               Unknown  Unknown
fms_ACCESS-OM_730  0000000001BB32D9  Unknown               Unknown  Unknown
fms_ACCESS-OM_730  0000000001AC12B3  mod_oasis_advance        1130  mod_oasis_advance.F90
fms_ACCESS-OM_730  00000000019C2A58  mod_oasis_getput_         766  mod_oasis_getput_interface.F90
fms_ACCESS-OM_730  0000000000411D4C  mom_oasis3_interf         701  mom_oasis3_interface.F90
fms_ACCESS-OM_730  0000000000421943  MAIN__                    645  ocean_solo.F90
fms_ACCESS-OM_730  000000000040F822  Unknown               Unknown  Unknown
libc-2.28.so       000014D78D3557E5  __libc_start_main     Unknown  Unknown
fms_ACCESS-OM_730  000000000040F72E  Unknown               Unknown  Unknown
forrtl: error (78): process killed (SIGTERM)
Image              PC                Routine            Line        Source             
fms_ACCESS-OM_730  0000000001D184C4  Unknown               Unknown  Unknown
libpthread-2.28.s  0000154F16BDD990  Unknown               Unknown  Unknown
libuct_ib.so.0.0.  0000154EF6A35B88  Unknown               Unknown  Unknown
libucp.so.0.0.0    0000154EF8F12E9A  ucp_worker_progre     Unknown  Unknown
mca_pml_ucx.so     0000154F0403A397  mca_pml_ucx_progr     Unknown  Unknown
libopen-pal.so.40  0000154F11ED472B  opal_progress         Unknown  Unknown
libmpi.so.40.20.2  0000154F171BC2D5  ompi_request_defa     Unknown  Unknown
libmpi.so.40.20.2  0000154F171FF13F  PMPI_Waitall          Unknown  Unknown
libmpi_mpifh.so    0000154F174F47ED  Unknown               Unknown  Unknown
fms_ACCESS-OM_730  0000000001BB4320  Unknown               Unknown  Unknown
fms_ACCESS-OM_730  0000000001BB32D9  Unknown               Unknown  Unknown
fms_ACCESS-OM_730  0000000001AC12B3  mod_oasis_advance        1130  mod_oasis_advance.F90
fms_ACCESS-OM_730  00000000019C2A58  mod_oasis_getput_         766  mod_oasis_getput_interface.F90
fms_ACCESS-OM_730  0000000000411D4C  mom_oasis3_interf         701  mom_oasis3_interface.F90
fms_ACCESS-OM_730  0000000000421943  MAIN__                    645  ocean_solo.F90
fms_ACCESS-OM_730  000000000040F822  Unknown               Unknown  Unknown
libc-2.28.so       0000154F1682E7E5  __libc_start_main     Unknown  Unknown
fms_ACCESS-OM_730  000000000040F72E  Unknown               Unknown  Unknown
forrtl: error (78): process killed (SIGTERM)
Image              PC                Routine            Line        Source             
fms_ACCESS-OM_730  0000000001D184C4  Unknown               Unknown  Unknown
libpthread-2.28.s  0000150C3A7EF990  Unknown               Unknown  Unknown
libuct.so.0.0.0    0000150C1C89A23A  Unknown               Unknown  Unknown
libucp.so.0.0.0    0000150C1CB03E9A  ucp_worker_progre     Unknown  Unknown
mca_pml_ucx.so     0000150C1CFAB397  mca_pml_ucx_progr     Unknown  Unknown
libopen-pal.so.40  0000150C35AE672B  opal_progress         Unknown  Unknown
libmpi.so.40.20.2  0000150C3ADCE2D5  ompi_request_defa     Unknown  Unknown
libmpi.so.40.20.2  0000150C3AE1113F  PMPI_Waitall          Unknown  Unknown
libmpi_mpifh.so    0000150C3B1067ED  Unknown               Unknown  Unknown
fms_ACCESS-OM_730  0000000001BB4320  Unknown               Unknown  Unknown
fms_ACCESS-OM_730  0000000001BB32D9  Unknown               Unknown  Unknown
fms_ACCESS-OM_730  0000000001AC12B3  mod_oasis_advance        1130  mod_oasis_advance.F90
fms_ACCESS-OM_730  00000000019C2A58  mod_oasis_getput_         766  mod_oasis_getput_interface.F90
fms_ACCESS-OM_730  0000000000411D4C  mom_oasis3_interf         701  mom_oasis3_interface.F90
fms_ACCESS-OM_730  0000000000421943  MAIN__                    645  ocean_solo.F90
fms_ACCESS-OM_730  000000000040F822  Unknown               Unknown  Unknown
libc-2.28.so       0000150C3A4407E5  __libc_start_main     Unknown  Unknown
fms_ACCESS-OM_730  000000000040F72E  Unknown               Unknown  Unknown
forrtl: error (78): process killed (SIGTERM)
Image              PC                Routine            Line        Source             
fms_ACCESS-OM_730  0000000001D184C4  Unknown               Unknown  Unknown
libpthread-2.28.s  00001482A3D09990  Unknown               Unknown  Unknown
libuct.so.0.0.0    0000148285CA923A  Unknown               Unknown  Unknown
libucp.so.0.0.0    0000148285F12E9A  ucp_worker_progre     Unknown  Unknown
mca_pml_ucx.so     0000148290185397  mca_pml_ucx_progr     Unknown  Unknown
libopen-pal.so.40  000014829F00072B  opal_progress         Unknown  Unknown
libmpi.so.40.20.2  00001482A42E82D5  ompi_request_defa     Unknown  Unknown
libmpi.so.40.20.2  00001482A432B13F  PMPI_Waitall          Unknown  Unknown
libmpi_mpifh.so    00001482A46207ED  Unknown               Unknown  Unknown
fms_ACCESS-OM_730  0000000001BB4320  Unknown               Unknown  Unknown
fms_ACCESS-OM_730  0000000001BB32D9  Unknown               Unknown  Unknown
fms_ACCESS-OM_730  0000000001AC12B3  mod_oasis_advance        1130  mod_oasis_advance.F90
fms_ACCESS-OM_730  00000000019C2A58  mod_oasis_getput_         766  mod_oasis_getput_interface.F90
fms_ACCESS-OM_730  0000000000411D4C  mom_oasis3_interf         701  mom_oasis3_interface.F90
fms_ACCESS-OM_730  0000000000421943  MAIN__                    645  ocean_solo.F90
fms_ACCESS-OM_730  000000000040F822  Unknown               Unknown  Unknown
libc-2.28.so       00001482A395A7E5  __libc_start_main     Unknown  Unknown
fms_ACCESS-OM_730  000000000040F72E  Unknown               Unknown  Unknown
forrtl: error (78): process killed (SIGTERM)
Image              PC                Routine            Line        Source             
fms_ACCESS-OM_730  0000000001D184C4  Unknown               Unknown  Unknown
libpthread-2.28.s  0000150CC370F990  Unknown               Unknown  Unknown
libopen-pal.so.40  0000150CBEA69C35  Unknown               Unknown  Unknown
libopen-pal.so.40  0000150CBEA065F4  Unknown               Unknown  Unknown
libopen-pal.so.40  0000150CBEA0677B  opal_progress         Unknown  Unknown
libmpi.so.40.20.2  0000150CC3CEE2D5  ompi_request_defa     Unknown  Unknown
libmpi.so.40.20.2  0000150CC3D3113F  PMPI_Waitall          Unknown  Unknown
libmpi_mpifh.so    0000150CC40267ED  Unknown               Unknown  Unknown
fms_ACCESS-OM_730  0000000001BB4320  Unknown               Unknown  Unknown
fms_ACCESS-OM_730  0000000001BB32D9  Unknown               Unknown  Unknown
fms_ACCESS-OM_730  0000000001AC12B3  mod_oasis_advance        1130  mod_oasis_advance.F90
fms_ACCESS-OM_730  00000000019C2A58  mod_oasis_getput_         766  mod_oasis_getput_interface.F90
fms_ACCESS-OM_730  0000000000411D4C  mom_oasis3_interf         701  mom_oasis3_interface.F90
fms_ACCESS-OM_730  0000000000421943  MAIN__                    645  ocean_solo.F90
fms_ACCESS-OM_730  000000000040F822  Unknown               Unknown  Unknown
libc-2.28.so       0000150CC33607E5  __libc_start_main     Unknown  Unknown
fms_ACCESS-OM_730  000000000040F72E  Unknown               Unknown  Unknown
--------------------------------------------------------------------------
mpirun detected that one or more processes exited with non-zero status, thus causing
the job to be terminated. The first process to do so was:

  Process name: [[28853,1],0]
  Exit code:    1
--------------------------------------------------------------------------
